,count,mean,std,min,25%,50%,75%,max,median
beer,250.0,125.5,72.31297716638879,1.0,63.25,125.5,187.75,250.0,125.5
beer_id,250.0,4602339649885.692,2276041978440.651,1882.0,5410228194178.25,5411663001938.0,5422542245266.25,9120041150784.0,5411663001938.0
tasting_category_fine,250.0,10.296,5.821334532817357,0.0,6.0,10.0,15.75,21.0,10.0
acetaldehyde,250.0,0.578982717204,0.3814148726902595,-1.902829488,0.40930931575,0.613289654,0.82209020375,1.268627576,0.613289654
CS2,250.0,-1.8983967488879998,0.5730022805220397,-2.146291652,-2.146291652,-2.146291652,-2.146291652,-0.008552402,-2.146291652
DES,250.0,-0.37009350536399993,0.649862984999828,-1.905266906,-0.5067809525,-0.212162841,0.0267356355,0.671646697,-0.212162841
DMS,250.0,1.392986799284,0.3400623836307577,0.0462112,1.183130091,1.3844274665,1.61622484975,2.716380377,1.3844274665
ethyl_2.methyl_butyrate,250.0,-2.4296127321039998,0.6326560687459061,-3.195519811,-3.195519811,-2.2863036095,-1.933674075,-0.539583303,-2.2863036095
ethyl_acetate,250.0,1.389745029304,0.33324426712258204,-0.599349782,1.2925373894999999,1.4418169,1.5773879962500001,2.116964264,1.4418169
ethyl_decanoate,250.0,-1.0314808715559998,0.4939470544964416,-2.975719624,-1.3341891645000001,-0.950485018,-0.660122962,-0.186983093,-0.950485018
ethyl_hexanoate,250.0,-0.6793173669079999,0.32952341095562354,-2.476904162,-0.8178099492500001,-0.6273870875,-0.4639125285,-0.078258916,-0.6273870875
ethyl_isovalerate,250.0,-2.8402626362639998,1.2125607942757908,-4.487004489,-4.487004489,-2.2441418535,-1.9498626705,-0.85884822,-2.2441418535
ethyl_octanoate,250.0,-0.39821457572,0.37314137391236407,-2.004803708,-0.5495656849999999,-0.3047542725,-0.1469920805,0.301065823,-0.3047542725
ethyl_propionate,250.0,-1.21455032094,0.4208064643567483,-2.44279366,-1.411120178,-1.1649941395,-0.9516109305,-0.087870979,-1.1649941395
H2S,250.0,0.821079328032,0.558835554695111,-1.586071886,0.7516249885,0.9288460585,1.0680714205,1.694089969,0.9288460585
isoamyl_alcohol,250.0,1.556055626048,0.3449590572812546,-0.730837435,1.4925354842499998,1.6078843475,1.715154806,2.009009514,1.6078843475
isobutanol,250.0,0.959484721248,0.45148028284282465,-1.321117585,0.90012951625,1.043023442,1.1842485847500002,1.523693932,1.043023442
isobutyl_acetate,250.0,-1.3066593925000003,0.5613302803592836,-3.265600257,-1.48281059425,-1.1465207259999999,-0.966661719,-0.327583468,-1.1465207259999999
isopentyl_acetate,250.0,0.248974558516,0.45037104802949,-1.189498652,0.022439195250000002,0.3387104425,0.57083823825,1.116660035,0.3387104425
MeSH,250.0,-0.094004264292,0.2542738705078118,-1.784098187,-0.2240281065,-0.0592785365,0.07358306775,0.540736044,-0.0592785365
octyl_acetate,250.0,-2.733910618316,0.6784722671492461,-3.45500232,-3.45500232,-2.6180960825,-2.1015618947499997,-1.44267329,-2.6180960825
phenethyl_acetate,250.0,-0.751476379848,0.3766545979069231,-2.221667831,-0.94345724325,-0.7070300555,-0.486048451,0.10738467,-0.7070300555
phenethyl_alcohol,250.0,0.8936971793759999,0.3837034342995564,-0.041675068,0.731890199,0.9398946045000001,1.1392707770000001,1.889005553,0.9398946045000001
X4VG,250.0,-1.6702753879879997,0.5280482181965086,-2.013157381,-2.013157381,-2.013157381,-1.14439584675,-0.164417223,-2.013157381
SO2.mg.L.,250.0,0.315451315908,0.2733983628766045,-1.0,0.17322537324999998,0.311753861,0.47882437875,1.07371835,0.311753861
acetic_acid.g.L.,250.0,-0.719563933488,0.34671931035084863,-1.756961951,-0.920818754,-0.769551079,-0.530177984,0.5132176,-0.769551079
ammonia.mg.L.,250.0,0.958354927896,0.5591063229059018,-0.853871964,0.67175116225,0.9803530874999999,1.34071665,2.303260873,0.9803530874999999
color.EBC.,250.0,1.330447050252,0.40202858382513257,0.653212514,1.01336300625,1.2606638595000002,1.7250799895,2.476179262,1.2606638595000002
betaglucan.mg.L.,250.0,1.8629854178,0.5714837420517909,0.096910013,1.648360011,2.044316071,2.235528447,2.603144373,2.044316071
lactic_acid.mg.L.,250.0,2.2808214448879998,0.4696213396389615,1.311753861,2.025305865,2.141446943,2.28414835775,3.856577858,2.141446943
glycerol,250.0,0.383920561712,0.17540815332953819,-0.795880017,0.3164935925,0.4061139835,0.48625321575,0.77633791,0.4061139835
iron,250.0,-1.051705451052,0.5294728466750294,-2.698970004,-1.38731150025,-1.024338467,-0.75393407025,0.701999475,-1.024338467
pH,250.0,0.6139429270319999,0.017155297404017604,0.57054294,0.605305046,0.6162127829999999,0.62324929,0.674401813,0.6162127829999999
protein.g.L.,250.0,0.8853887374,0.22881272603106936,-0.698970004,0.74915313225,0.8750516125,1.0032410305000001,1.546542663,0.8750516125
bitterness,250.0,1.144750346104,0.4464634302990365,-1.144178095,0.970589339,1.2591636685,1.42013929575,1.794142844,1.2591636685
GFS,250.0,-0.52148972308,0.9590221485927692,-2.602059991,-1.187086643,-0.7270373354999999,0.06304486349999999,1.914263803,-0.7270373354999999
ethanol..v.v.,250.0,0.8039263130039999,0.28280471579250865,-1.455931956,0.752526026,0.8568798440000001,0.930439595,1.06595298,0.8568798440000001
CO2.PSI.,250.0,0.29961528399599996,0.25036689867020345,-0.230992129,0.267171728,0.361727836,0.469822016,0.707570176,0.361727836
unfermentables,250.0,1.416143270384,0.28791399442636806,0.070960916,1.345813994,1.4869957585,1.56814301975,1.896085085,1.4869957585
kcalperc,250.0,1.7379198615999998,0.11116025320581396,0.955286362,1.6639683697499998,1.752121051,1.81681272575,1.978453886,1.752121051
X1.propanol,250.0,5.771132006484001,1.4127648584665835,-1.81781854,5.5418663345,6.013055587,6.392455729,7.441162091,6.013055587
X2.3.butanedione,241.0,2.7458238779128634,13.919441055697634,5.9e-08,0.07407538,0.284672385,0.754107966,121.7310182,0.284672385
X3.methylbutanal,243.0,1.1322146071872428,9.584960816691229,5.5e-09,0.0372698845,0.10845693,0.228754403,127.059107,0.10845693
propylene.glycol,250.0,3.6647691513119995,3.547773467458151,-1.81781854,-1.81781854,5.5421003695,6.214010097499999,7.479163406,5.5421003695
propyl.acetate,250.0,5.57724754114,1.9963448929265624,-1.81781854,5.607002243,6.179185682,6.4190162195,7.382127173,6.179185682
n.pentanol,250.0,7.926916956908,0.3916568523176224,5.699394702,7.7462543695,7.9816135955,8.17832991825,8.668641086,7.9816135955
X2.methyl.1.butanol,250.0,8.214132371892,0.3733044784614822,5.791555388,8.00964656375,8.180695186000001,8.43241420725,9.049596762,8.180695186000001
isopentyl.formate,250.0,8.17064945054,0.4217145102648871,5.248896163,7.9509698065,8.156034473,8.399837173,9.02388642,8.156034473
ethyl.isobutyrate,249.0,0.09880531241566264,0.1484029413623054,5e-10,0.008358978,0.042502772,0.126346227,0.885719554,0.042502772
X3.methyl.2.butenal,250.0,6.005473632848,0.3559355945170489,4.813145217,5.76821331925,6.001691723,6.2317957665,7.353395541,6.001691723
X2.methyltetrahydrofuran.3.one,250.0,51.28553673946799,796.632799973469,0.000297441,0.02464786175,0.052860077500000005,0.0979521145,12596.43287,0.052860077500000005
ethyl.butyrate,250.0,0.12720903036400003,0.2110678130796193,0.000205621,0.0447083235,0.0707352255,0.13112074750000002,1.883683746,0.0707352255
butyl.acetate,250.0,4.642059325856001,2.030127451554887,-1.81781854,4.40005821675,4.9185922795,5.585352824,8.0949975,4.9185922795
methylpyrazine,238.0,0.011657364836134453,0.07685100014928586,2.4e-08,3.2375e-05,0.0002934455,0.00284899675,0.896099334,0.0002934455
furfural,249.0,0.04093258577309237,0.1492945918895691,6.45e-08,0.003345239,0.008293811,0.027513425,1.818860513,0.008293811
ethyl.lactate,250.0,-0.3315512169079999,2.8279342968831203,-1.81781854,-1.81781854,-1.81781854,-1.81781854,6.76057924,-1.81781854
X3Z.hexenol,250.0,0.084683483008,0.3663518743070922,0.001319407,0.014626901250000001,0.024727412,0.040579385999999995,3.423350433,0.024727412
n.hexanol,250.0,0.5062035638679999,0.793544200964342,0.005802034,0.17978238224999998,0.316943891,0.56149448925,7.804921899,0.316943891
styrene,250.0,0.106855474436,0.293167894842454,0.000239015,0.01558993025,0.043134525,0.08878537825,2.931368836,0.043134525
X2.furanmethanol,250.0,6.593508531236,1.1608274471977895,-1.81781854,6.313698549,6.599847621,6.94097440775,9.62304446,6.599847621
X3.methyl.2.hexanol,250.0,7.748382263688,0.2847729544086426,7.022096616,7.5628802265,7.7524883535,7.95040585525,8.719027268,7.7524883535
X3.furanmethanol,250.0,6.725151730868,0.40649567447141305,6.010021132,6.430579658,6.6235674945,6.972180116500001,8.02024773,6.6235674945
X2.acetylfuran,250.0,5.142247227444,0.945410008617053,-1.81781854,4.86684599725,5.1887769095,5.6233560395,6.727171188,5.1887769095
X2.6.dimethyl.pyrazine,250.0,2.16907092604,3.139962680744499,-1.81781854,-1.81781854,4.021770769,4.79637008875,6.506732776,4.021770769
amyl.acetate,223.0,0.007771092286995515,0.010480662895395735,1e-09,0.00036784100000000004,0.002303161,0.013437146,0.074072754,0.002303161
ethyl.tiglate,250.0,4.737934694552,1.6221071853356168,-1.81781854,4.68768230575,5.079363249,5.40002311125,6.243452006,5.079363249
benzaldehyde,250.0,0.01890187392,0.05648208759761196,0.000286933,0.00213562525,0.0055813,0.015102695,0.487929493,0.0055813
X5.methylfurfural,250.0,0.001280905564,0.0031231133851995036,1.1e-05,0.00031504775,0.0005938804999999999,0.001122975,0.039860957,0.0005938804999999999
n.heptanol,250.0,5.923128800468,0.4061715103874121,4.838275282,5.681092389250001,5.9099121,6.15886253475,7.248115259,5.9099121
X1.octen.3.ol,250.0,5.1552532414879995,1.0726572402080683,-1.81781854,4.8494662025,5.240297667,5.6940096095,6.901417298,5.240297667
X3.methylthio.propanol,250.0,5.502840728671999,2.514420071301195,-1.81781854,6.11249588925,6.3245888535,6.51794063675,7.052450059,6.3245888535
isomaltol,250.0,4.8199091134800005,2.4608343025293014,-1.81781854,5.20247220025,5.5626975455,5.829818868249999,7.77098142,5.5626975455
X6.methyl.5.hepten.2.one,250.0,-0.731703914408,2.574484324071169,-1.81781854,-1.81781854,-1.81781854,-1.81781854,6.196559379,-1.81781854
X2.pentyl.furan,250.0,3.7448201361880002,2.6979320041845805,-1.81781854,4.592544304,4.933736489999999,5.18459541,5.961376371,4.933736489999999
ethyl.hex..3E..enoate,250.0,6.098235163764,0.3994254599819929,4.454240386,5.92522169075,6.130349213,6.3358588537500005,7.233225226,6.130349213
alpha.phellandrene,250.0,0.869807672964,3.017287772444941,-1.81781854,-1.81781854,-1.81781854,3.9906992289999996,5.879015322,-1.81781854
dehydroxy.cis.linalool.oxide,250.0,2.09715237334,3.4049399103204476,-1.81781854,-1.81781854,4.4155689515,4.8832173065,8.644817969,4.4155689515
hexyl.acetate,250.0,0.183996355108,0.783866335646965,0.000169398,0.030870007,0.055235849000000004,0.12660660275000002,10.80822273,0.055235849000000004
isopentyl.butanoate,250.0,2.966173821624,3.135884980588596,-1.81781854,-1.81781854,4.3558813354999995,5.119054136,8.207394693,4.3558813354999995
X2.ethyl.1.hexanol,250.0,3.468158599976,3.355063285710194,-1.81781854,-1.81781854,5.335261791500001,5.74654291775,7.033751614,5.335261791500001
beta.phellandrene,250.0,1.723240054732,3.1563500032139236,-1.81781854,-1.81781854,3.4344170825,4.46142831025,6.69656588,3.4344170825
limonene,250.0,-0.6210496460320001,2.846318160833776,-1.81781854,-1.81781854,-1.81781854,-1.81781854,8.321958479,-1.81781854
eucalyptol,250.0,1.013247101396,3.249563392261419,-1.81781854,-1.81781854,-1.81781854,4.4702452185,7.235643581,-1.81781854
benzyl.alcohol,250.0,0.013977985376000002,0.04023243391673223,2.85e-08,0.00049019275,0.0030283180000000003,0.0087067425,0.335620269,0.0030283180000000003
ethyl.hex..2E..enoate,250.0,3.1318047298239997,2.7251453553223866,-1.81781854,3.7419572645,4.4109803665,4.739751903249999,6.754247813,4.4109803665
phenylacetaldehyde,249.0,0.02309773426506024,0.041215672931797245,2.43e-07,0.004336571,0.010947757,0.029282119,0.36299261,0.010947757
X.E..beta.ocimene,250.0,0.036662808511999996,0.1241276956749333,0.000206056,0.0043836594999999996,0.0121020295,0.026730597499999998,1.518681466,0.0121020295
prenyl.isobutyrate,250.0,5.3038760174520005,1.0464034108098823,-1.81781854,4.91580605975,5.2671891845,5.68043032025,7.231632304,5.2671891845
ethyl.furoate,250.0,3.3065132480279997,2.7070416893447016,-1.81781854,3.56031279475,4.360021168499999,4.8857062862500005,6.499622228,4.360021168499999
ortho.cresol,250.0,5.280152034383999,0.7752088610741888,-1.81781854,5.08041430925,5.3117165105,5.5692457085,7.095126241,5.3117165105
ethyl.5.methylhexanoate,250.0,5.4691664832599995,0.7968836727247447,-1.81781854,5.2628724295,5.583452842,5.793550209,6.828449689,5.583452842
X2.acetylpyrrole,250.0,5.623685794232,0.9496813904408462,-1.81781854,5.430966593,5.7282221755,6.031557418,7.042944332,5.7282221755
isoamyl.lactate,250.0,4.916333201796,2.03407661074993,-1.81781854,4.9184541085,5.309433578,5.83629039825,7.413283913,5.309433578
n.octanol,250.0,6.899442151724001,0.45932609221282944,4.757804822,6.6853432305,6.9593881815,7.19644193,7.798774544,6.9593881815
cis.linalool.oxide,250.0,1.670471839792,3.4029967306437032,-1.81781854,-1.81781854,3.5432336505,4.9308294905,6.756957047,3.5432336505
meta.cymenene,250.0,-0.367891458188,2.716869442009536,-1.81781854,-1.81781854,-1.81781854,-1.81781854,6.194849661,-1.81781854
terpinolene,250.0,6.247479728868,0.797930116374951,4.017764507,5.68022716125,6.132047468,6.748774677,8.756310825,6.132047468
linalool,250.0,2.024999241596,4.506941491719089,0.013179154,0.12460550225,0.370611218,1.2359060225,32.48474769,0.370611218
nonan.2.ol,250.0,6.241100946463999,0.45939715712313856,4.51232489,5.98039621875,6.3030656325,6.532012635,7.389021494,6.3030656325
n.nonanal,250.0,2.2910548828320003,3.424229821878583,-1.81781854,-1.81781854,4.3289580255,4.971850504,7.257586624,4.3289580255
X2.methyl.benzofuran,250.0,4.3274652445360005,2.2140743442055824,-1.81781854,4.168731918500001,4.780585353,5.49057564575,7.464135669,4.780585353
heptyl.acetate,250.0,3.647718597184,2.871616361910757,-1.81781854,3.87007866225,4.95378101,5.4884187537499995,6.869827866,4.95378101
X4.methyl.1.pentanol,250.0,5.74833640698,1.0205528487996378,-1.81781854,5.66707318025,5.8972450185,6.07121677875,6.885881615,5.8972450185
neo.allo.ocimene,250.0,3.608202435356,3.173511234695516,-1.81781854,-0.17635348149999985,5.297782938499999,5.52338456575,8.086688944,5.297782938499999
x.methyl.1.octanol,250.0,5.3125596100040005,2.198537286782108,-1.81781854,5.670529794,6.0161723525,6.1966631977499995,7.1776631,6.0161723525
trans.dihydro.beta.terpineol,250.0,2.269996349908,2.935836502648935,-1.81781854,-1.81781854,4.0541071545,4.4193636995,5.800840571,4.0541071545
cis.beta.terpineol,250.0,0.8255882612519999,3.5588765734466494,-1.81781854,-1.81781854,-1.81781854,5.0910988925,8.308991501,-1.81781854
y.methyl.1.octanol,250.0,0.8453938441840001,3.33347290408604,-1.81781854,-1.81781854,-1.81781854,4.79418226475,6.292889237,-1.81781854
camphor,250.0,3.991508600536,2.8412748179000036,-1.81781854,4.18350201925,4.738032286999999,5.34929922525,8.062584988,4.738032286999999
isobutyl.hexanoate,250.0,4.793463919175999,1.1162805692654496,-1.81781854,4.66657574975,4.905811241,5.189886899,6.124007833,4.905811241
nerol.oxide,250.0,4.5351087762999995,1.4616991255525538,-1.81781854,4.4212891065,4.7498860794999995,5.11299640025,6.365693032,4.7498860794999995
X.E..2.nonenal,250.0,0.17860145624,1.2381510978271695,6.14e-05,0.00388293575,0.0119800865,0.027564899,14.9100917,0.0119800865
cis.dihydro.beta.terpineol,250.0,-0.53521831718,2.675358685602276,-1.81781854,-1.81781854,-1.81781854,-1.81781854,5.942235074,-1.81781854
X4.ethyl.phenol,250.0,4.910479699924,1.842735835331677,-1.81781854,4.230383142,4.774686267,5.92488085175,8.301198549,4.774686267
isoborneol,250.0,5.7300215698359995,0.5833282627425466,4.297495721,5.30558880325,5.6853444815,6.14978632225,7.139664237,5.6853444815
ethyl.benzoate,250.0,6.18524919306,0.6493517073215994,3.698708271,5.86986918675,6.196797419,6.4720968692500005,8.422288664,6.196797419
n.nonanol,250.0,5.759887090324,1.3509584803812864,-1.81781854,5.74410765625,5.987753109,6.231511138,7.194401184,5.987753109
terpinen.4.ol,250.0,5.4233103428,1.219484113924412,-1.81781854,4.94229914175,5.448401970000001,6.106533165,7.69077521,5.448401970000001
diethyl.succinate,250.0,0.211997148336,0.27280800311343023,0.001359126,0.03565981725,0.09240477899999999,0.270928188,1.279587673,0.09240477899999999
vinyl.caprylate,250.0,5.323648106056,1.3021327589443277,-1.81781854,5.046645810999999,5.4825839665,5.88256837975,7.129236688,5.4825839665
X1.alpha.terpineol,250.0,0.717983539996,1.036087955382455,0.019008189,0.200650565,0.4026859385,0.8286150864999999,10.78934238,0.4026859385
ethyl..E..linalool,250.0,6.212137253643999,0.7372696467492185,-1.81781854,5.8988978905,6.1996428875,6.5432590059999995,7.988744854,6.1996428875
ethyl.nicotinate,248.0,0.03106959151612903,0.045995233820702315,2.4e-07,0.00342771825,0.011121075000000001,0.044291162499999995,0.305614725,0.011121075000000001
citronellol,250.0,0.5783054972760001,1.1363115168080349,0.006587682,0.10244536375,0.215332454,0.5445693807499999,11.74178698,0.215332454
nerol,250.0,4.851195184988,1.2489258232515204,-1.81781854,4.56414036325,4.9601092495,5.4370862465,7.301212808,4.9601092495
hydroxy.methyl.furfural,250.0,5.099916468876,0.7507835762918104,-1.81781854,4.636729534,5.111294853,5.43722968325,6.734525607,5.111294853
E.ocimenone,250.0,4.741318023496,0.7329260890347025,-1.81781854,4.5983837885,4.838102605,5.030480892,6.158246118,4.838102605
cumin.aldehyde,250.0,4.072490658632,0.9698145401332992,-1.81781854,3.86991624075,4.162611911,4.443103801,5.964922169,4.162611911
ethyl.phenylacetate,250.0,6.436890892511999,0.7216630318855768,-1.81781854,6.22299814725,6.4280302065,6.7185797885,7.603322468,6.4280302065
isopentyl.hexanoate,250.0,4.317019006523999,2.4147370377082176,-1.81781854,4.40540324125,5.079444643,5.614821775249999,6.901244614,5.079444643
geraniol,250.0,0.27734850798000005,0.37626187353937,6.3e-06,0.03420069875,0.137917771,0.33687142950000004,2.225405554,0.137917771
beta.cyclohomocitral,250.0,6.310284573812,1.292942231522795,-1.81781854,6.16564739425,6.6736206165,6.827046931,7.293785229,6.6736206165
E.cinnamaldehyde,250.0,3.9527572165120004,2.810113874799717,-1.81781854,4.15761495875,4.88927259,5.5193813215,7.458884056,4.88927259
n.decanol,250.0,6.72343910942,1.3774728547428219,-1.81781854,6.773771137,6.9487142315,7.082214166,8.054363595,6.9487142315
neryl.formate,250.0,3.807456618988,2.9646360973832993,-1.81781854,3.6957364247499997,4.628945695500001,5.6518925845,7.478981811,4.628945695500001
X4.ethyl.guaiacol,250.0,5.42774242416,1.7474879233393301,-1.81781854,4.38089748275,5.069565364000001,6.2107105865,9.105451598,5.069565364000001
X2.undecanone,250.0,3.2938314479320008,2.921424499189605,-1.81781854,3.80292776225,4.6800122015,5.00865413875,6.989762528,4.6800122015
trans.dihydro.alpha.terpinyl.acetate,250.0,5.5320878783,0.706376454237697,3.383275314,5.08638036275,5.5905991695,6.0262013969999995,7.115462826,5.5905991695
terpinen.4.ol.acetate,250.0,3.732819666888,1.9784147630781548,-1.81781854,3.59205685325,4.252185088499999,4.792445149,6.329537716,4.252185088499999
X2.undecanol,250.0,4.763013012268,2.085469197379404,-1.81781854,4.759322974,5.2695499455,5.754481694,7.192732656,5.2695499455
delta.terpinyl.acetate,250.0,5.479538615871999,1.2876120491464667,-1.81781854,5.203726555499999,5.5913708655,6.1280146935,7.170804613,5.5913708655
X.E.E..2.4.decadienal,250.0,0.005530879792,0.020251878501588303,4e-08,0.00014395250000000001,0.0007621255,0.002739849,0.164755801,0.0007621255
methyl.geranate,250.0,5.315252434504,1.625451135937834,-1.81781854,4.87304040075,5.5631202355,6.06805309375,8.472583795,5.5631202355
car.3.en.2.one,250.0,4.324181554936,1.3122641567170445,-1.81781854,4.04306164475,4.533357936,4.968878866500001,5.874246817,4.533357936
dimethoxy..E..citral,250.0,2.954203832344,2.8711000744792186,-1.81781854,-1.81781854,4.3727406165,4.7712714685,6.051629393,4.3727406165
X2.butyloctanoate,250.0,4.866393528263999,2.830736034160076,-1.81781854,4.846254282,5.7529548155,6.4737816885,8.371862183,5.7529548155
X4.methoxysalicylaldehyde,250.0,3.6166639210479996,1.2988093772071936,-1.81781854,3.4348399445,3.792440495,4.24101579175,5.386392879,3.792440495
ethyl.hydrocinnamate,250.0,5.571652049348,0.9790610166307535,-1.81781854,5.3753935815,5.6457366655,6.0176379155,7.41694431,5.6457366655
eugenol,250.0,0.061217705607999995,0.30245897932710986,3.86e-05,0.00088826775,0.001476167,0.0029210305,3.567575906,0.001476167
gamma.nonalactone,250.0,73.13853313209201,548.0202421660678,0.000229679,0.276959341,0.42629712649999996,0.784030321,7256.135876,0.42629712649999996
methyl.para.anisate,250.0,4.974709287832,2.270864122659442,-1.81781854,4.7611206475,5.579184633000001,6.217575013749999,7.627316931,5.579184633000001
X.E..beta.damascenone,250.0,26.533725303856006,378.889066926596,0.004363221,0.37570024075,0.5693557535,0.8610311625,5991.012523,0.5693557535
ethyl..9..decenoate,250.0,7.042687368528001,1.3832704060203647,-1.81781854,6.83041762525,7.260438369999999,7.574787822499999,8.744308855,7.260438369999999
vanillin,250.0,3.746611959584,1.8711058036251367,-1.81781854,3.58658571375,4.080598456000001,4.745102384,6.9043886,4.080598456000001
geosmin,250.0,0.895840341224,3.0281002655807336,-1.81781854,-1.81781854,-1.81781854,4.1038713715,6.521321909,-1.81781854
dodecanal,250.0,4.545091153908,1.7871781696384041,-1.81781854,4.529038469750001,4.9664761845,5.3120999085000005,6.802592365,4.9664761845
X4.8.alpha.epoxy.caryophyllane,250.0,2.6676748998760003,2.779668003590934,-1.81781854,-1.81781854,4.1242069185000005,4.47249217375,6.150409828,4.1242069185000005
E.caryophyllene,250.0,0.336101578852,2.747508804993754,1.64e-05,0.00042669675,0.00098463,0.00308415825,40.92665991,0.00098463
X.E..alpha.ionone,250.0,3.715995583936,1.2379155098937893,-1.81781854,3.311788948,3.638162113,4.1021299005,8.47036121,3.638162113
perillyl.acetate,250.0,5.303956639804,0.8102841943474448,-1.81781854,4.91416948775,5.3297585615,5.702173264500001,7.852435538,5.3297585615
beta.humulene,250.0,-0.29864068337599997,2.411743555103573,-1.81781854,-1.81781854,-1.81781854,2.91548618175,5.849300818,-1.81781854
X2.phenyl.ethyl.butyrate,250.0,4.546313030568,1.2470245467309962,-1.81781854,4.1942508505000005,4.6145190849999995,5.18377176025,6.210040509,4.6145190849999995
X.Z..beta.farnesene,250.0,5.080916818952001,1.9045140787438288,-1.81781854,5.01064434625,5.371671293,6.018636571,6.931947609,5.371671293
pentyl.octanoate,250.0,5.440200451443999,2.531709644850441,-1.81781854,5.426265180250001,6.0960335615,6.810843258,7.788372449,6.0960335615
X.E..beta.farnesene,250.0,2.974325219468,3.2602041312286185,-1.81781854,-1.81781854,4.830356382,5.376961770249999,6.209900677,4.830356382
X2.methylbutyl.octanoate,250.0,5.800427387812,2.0299322971361855,-1.81781854,5.435271711,6.226969527,6.8894555845,8.045721306,6.226969527
alpha.humulene,250.0,0.08994380628800001,0.5504665547733114,0.000879728,0.00538979525,0.011874496,0.027014869,6.0622472,0.011874496
neryl.propanoate,250.0,5.184140177887999,1.1542382544093568,-1.81781854,5.105635974,5.324566974,5.579411875,6.21256931,5.324566974
X9.epi..E..caryophyllene,250.0,4.781860698972,1.4041132304953479,-1.81781854,4.78359408275,5.055531050000001,5.28254462325,6.415609995,5.055531050000001
ethyl..E..cinnamate,250.0,4.98035721808,1.1833982055493322,-1.81781854,4.804298605750001,5.07490181,5.5212649567500005,6.509118018,5.07490181
linalool.isovalerate,250.0,3.6680106005360003,2.279660517093269,-1.81781854,3.9661278589999998,4.535714237500001,4.82039587,7.595991289,4.535714237500001
alpha.terpinyl.isobutanoate,250.0,4.447233371176,1.2423581409730098,-1.81781854,4.29035044775,4.728767904,4.9831926305,5.77627527,4.728767904
n.dodecanol,250.0,5.907438956768,1.3526488952723577,-1.81781854,5.95034696825,6.120827347,6.327130283500001,7.496912635,6.120827347
germacrene.D,250.0,3.947391745348,1.8058756845401147,-1.81781854,4.0803579160000005,4.415842199,4.767313424,6.94201045,4.415842199
X.E..beta.ionone,250.0,5.0377355894599996,0.6181821011317132,3.936969793,4.677519172749999,4.901146924,5.21919668525,8.44070099,4.901146924
valencene,250.0,0.828963335744,3.874059484614768,-1.81781854,-1.81781854,-1.81781854,6.0851390035,8.192349451,-1.81781854
neryl.isobutanoate,250.0,3.924390838724,1.7610182971355497,-1.81781854,4.0407516515,4.416011103,4.705584353,5.586626186,4.416011103
E.methyl.isoeugenol,250.0,2.410643352388,3.3785576131946806,-1.81781854,-1.81781854,4.383851007500001,5.30751385475,6.35234211,4.383851007500001
X.Z..dihydro.apofarnesal,250.0,3.367460969824,2.949560719444459,-1.81781854,3.8936703214999997,4.8170761165,5.27313181725,5.858233017,4.8170761165
butylated.hydroxytoluene,250.0,3.4490785894160005,4.066439974974389,-1.81781854,-1.81781854,5.3615387000000005,6.962696429,8.293064967,5.3615387000000005
X.E..dihydro.apofarnesal,250.0,1.550403000112,2.786630146362554,-1.81781854,-1.81781854,3.2936934730000003,3.8353520784999997,5.637727083,3.2936934730000003
Z.nerolidol,250.0,0.06800344976799999,0.31516536617805874,0.000224199,0.005028489,0.0099265435,0.02141035175,2.743348644,0.0099265435
X.E..ortho.methoxy.cinnamaldehyde,250.0,2.603850486888,2.770957878398984,-1.81781854,-1.81781854,3.9493865489999997,4.5043687075,5.791970513,3.9493865489999997
alpha.calacorene,250.0,4.877786248268,0.747614114423118,-1.81781854,4.67788265875,4.913134553,5.2007495055,6.281503717,4.913134553
E.nerolidol,250.0,5.431787960956,1.37840317067147,-1.81781854,5.3963132085000005,5.6730444725,5.91090634725,6.665994746,5.6730444725
dihydroisocaryophyllene.epoxide,250.0,5.051451248244001,1.1724937563707098,-1.81781854,4.94519704575,5.231774452,5.54217473925,6.248762,5.231774452
caryophyllene.alcohol,250.0,5.435972380444,1.0230984559169534,-1.81781854,5.3291535125000005,5.5791411315,5.78180565975,6.665432864,5.5791411315
neryl.isovalerate,250.0,4.3424889337320005,1.7316234688499952,-1.81781854,4.398782045,4.7213260705,5.086065126499999,7.437570934,4.7213260705
spathulenol,250.0,2.597999635588,2.9265594089512517,-1.81781854,-1.81781854,4.217784666,4.69851991675,5.785301507,4.217784666
caryophyllene.oxide,250.0,3.618129685008,2.8667348021225623,-1.81781854,3.59481143575,4.8922784195,5.41944864875,6.834719018,4.8922784195
humulene.epoxide.II,250.0,4.947423073088,2.0090210429829667,-1.81781854,4.83776037625,5.461227311,5.939556649,7.203723787,5.461227311
alloaromadendrene.epoxide,250.0,5.3070466346159995,2.086216445946311,-1.81781854,5.2627028495,5.8634840255,6.284703153,7.59458312,5.8634840255
X1.10.di.epi.cubenol,250.0,5.096088473632,1.66639292002581,-1.81781854,4.93937238925,5.5073266125,5.88748864575,7.16110532,5.5073266125
isopropyl.laurate,250.0,6.706387711432,0.9965151187510823,-1.81781854,6.44131218,6.7643863855,7.04865940875,8.362384134,6.7643863855
caryophylla.4.12..8.13..dien.5.alpha.ol,250.0,3.110806562828,2.887911702824526,-1.81781854,3.434306785,4.492100606499999,5.04649141125,6.482746119,4.492100606499999
gamma.eudesmol,250.0,0.93694050756,2.9762130725088745,-1.81781854,-1.81781854,-1.81781854,3.208012018,6.396605901,-1.81781854
alpha.muurolol,250.0,4.375808982036,2.8564599658889054,-1.81781854,5.08605586375,5.5618924145,5.8653409765,6.936927496,5.5618924145
X1.2.dihydro.8.hydroxy..2E..linalool,250.0,3.6793568853119996,3.5328741137882735,-1.81781854,-1.81781854,5.5861730585,6.11123356825,7.05973795,5.5861730585
tau.cadinol,250.0,4.585839488872001,2.1457479355984233,-1.81781854,4.27018841925,5.0924890640000005,5.65893488725,8.025148966,5.0924890640000005
selin.11.en.4.alpha.ol,250.0,1.779006740268,3.5829204318146575,-1.81781854,-1.81781854,3.8066787025,5.33835750275,7.116835715,3.8066787025
alpha.eudesmol,250.0,2.9389787875800004,3.5387629260598477,-1.81781854,-1.81781854,4.693304017,5.671511720750001,7.942127394,4.693304017
X14.hydroxy.9.epi..E..caryophyllene,250.0,4.285443924456,2.144191471936196,-1.81781854,4.44550051175,4.9466490045,5.36451008175,5.96506842,4.9466490045
tau.muurolol,250.0,3.88277782474,3.024439455694805,-1.81781854,4.6589316785,5.3441429255,5.65176862,6.804515853,5.3441429255
n.tetradecanol,250.0,4.112516553828,2.5309432695902845,-1.81781854,4.500565352000001,5.085253205000001,5.44851733975,6.470001961,5.085253205000001
foeniculin,250.0,0.282640297364,2.643974622860577,-1.81781854,-1.81781854,-1.81781854,3.4157860885,5.215406401,-1.81781854
cadalene,250.0,4.496325318968,1.0775681618562625,-1.81781854,4.37607128125,4.668224951999999,4.8646587205,5.958319021,4.668224951999999
X2.3.dihydro.farnesol,250.0,4.868574333568,1.6695204214835806,-1.81781854,4.8092969640000005,5.280054228999999,5.608706123,6.493343197,5.280054228999999
X2E.6Z.farnesal,250.0,2.2262999634359995,2.848997659031154,-1.81781854,-1.81781854,3.7571921980000003,4.34325159925,6.498679581,3.7571921980000003
caryophyllene.acetate,250.0,1.6832717111720001,3.1332729044565335,-1.81781854,-1.81781854,3.8585376499999997,4.353107629749999,6.231359202,3.8585376499999997
X14.hydroxy.alpha.humulene,250.0,2.935482705064,3.255451622974802,-1.81781854,-1.81781854,4.866172645000001,5.2357125925000005,6.762795932,4.866172645000001
X2Z.6E.farnesal,250.0,1.9730040072840003,3.0714171400059436,-1.81781854,-1.81781854,4.0006073105,4.51081451775,6.213955253,4.0006073105
X2Z.6Z.farnesol,250.0,2.1055835168640002,2.9158984647518267,-1.81781854,-1.81781854,3.935321112,4.39261579725,5.664698221,3.935321112
X2Z.6E.farnesol,250.0,3.8953501945920004,2.445341854482637,-1.81781854,3.92659690875,4.8471286965000004,5.3323086665,6.211925474,4.8471286965000004
ambroxide,250.0,3.8011971677600003,1.5184765681949055,-1.81781854,3.8768047654999997,4.13617034,4.355727364,5.370198014,4.13617034
benzyl.benzoate,250.0,3.4758474283400003,1.3480931260115299,-1.81781854,3.48046965125,3.8022051689999996,4.012170521750001,4.734663754,3.8022051689999996
X2E.6E.methyl.farnesoate,250.0,2.1798828136319996,2.7520433390975767,-1.81781854,-1.81781854,3.709003913,4.198262139500001,5.37934717,3.709003913
ethyl.tetradecanoate,250.0,5.371285996636,1.9134843761338693,-1.81781854,5.298161572750001,5.941554515,6.242373624,6.981381589,5.941554515
X2.ethylhexylsalicylate,250.0,2.840564118096,3.245588341031206,-1.81781854,-1.81781854,4.386086994499999,5.450301534499999,6.714831083,4.386086994499999
isopropyl.tetradecanoate,250.0,3.4409840297560006,1.8410116164751458,-1.81781854,3.6839145765,3.979932882,4.28091665275,5.143863899,3.979932882
ethyl.pentadecanoate,250.0,3.554198124304,2.3656313462742733,-1.81781854,3.564538478,4.545375697,4.91832862625,5.668396519,4.545375697
methyl.hexadecanoate,250.0,3.9348629131919997,1.9404495801017396,-1.81781854,4.050142355249999,4.4650161685,4.8974095664999995,5.857190276,4.4650161685
Z.Z.geranyl.linalool,250.0,3.9845859816199996,2.2342672192570765,-1.81781854,4.064809432500001,4.716605577999999,5.213295438249999,6.23804053,4.716605577999999
ethyl.hexadecanoate,250.0,4.762956791056,3.4814931933159077,-1.81781854,5.7425228,6.4185047655,6.8026583885,7.418010422,6.4185047655
manool.oxide,250.0,3.6258408564080002,1.0629625799090536,-1.81781854,3.41068569625,3.843638435,4.172764781,5.034735348,3.843638435
X13.epi.manool.oxide,250.0,3.035461112268,2.1594963023315765,-1.81781854,3.05846522,3.9925415749999997,4.2763712665,5.0064654,3.9925415749999997
isopropyl.hexadecanoate,250.0,0.9852877947839999,3.2312495857917796,-1.81781854,-1.81781854,-1.81781854,4.5901409135,5.56200701,-1.81781854
manool,250.0,5.176628518787999,1.5710125691386567,-1.81781854,5.133210711,5.542335523,5.8053457805,6.515499379,5.542335523
ethyl.octadecanoate,250.0,4.481167319528,2.0487146993844423,-1.81781854,4.43007582875,5.0555393875,5.45875427775,6.670236218,5.0555393875
ethyl.pentanoate,250.0,0.045131662232000005,0.15705762837693887,0.004320453,0.014753735,0.024263140500000002,0.04206169275,1.678874433,0.024263140500000002
X2.ethyl.3.methylpyrazine,250.0,0.039495841708,0.13654221034177033,4.4e-05,0.0037223144999999997,0.0072246575,0.0244509115,1.138483735,0.0072246575
esters_sum,250.0,0.816186781892,0.3121182813508205,-0.532634033,0.68085525775,0.8443047164999999,1.0153486085,1.468011129,0.8443047164999999
aroma_hops_sum,237.0,2.0750417262320675,0.647817549878851,0.672328375,1.591876625,1.989527505,2.42667446,3.862223736,1.989527505
acids_sum,250.0,0.28318596073200003,0.37394502953040365,-1.204001089,0.05583523575,0.1906697205,0.432689559,1.444068363,0.1906697205
sulfur_sum,250.0,0.6730513402520001,0.22663800854821697,-0.153867111,0.5485508244999999,0.693376794,0.8135755797499999,1.471061968,0.693376794
A_malt_all,250.0,0.03654743965999999,0.7168596686415579,-1.552114518,-0.48953148625,-0.1177937045,0.50832413025,2.876477347,-0.1177937045
A_malt_grain,250.0,0.017975827679999994,0.45722626512369574,-0.970581582,-0.26856794175,-0.07490461,0.21848048125000002,1.759243217,-0.07490461
A_malt_bread,250.0,0.046913357775999996,0.5228435550832717,-0.689772601,-0.30034663475,-0.087784286,0.22862452975,2.462206713,-0.087784286
A_malt_cara,250.0,0.025380238028000008,0.62796993965826,-0.599110694,-0.45854133275,-0.183733341,0.25165948925000003,2.193257875,-0.183733341
A_malt_burn,250.0,0.019210443888,0.6805343991907736,-0.447275469,-0.34557666125,-0.19321073049999998,0.0554594255,4.104157537,-0.19321073049999998
A_hops_all,250.0,0.0006158065559999955,0.6602584053662987,-1.362201516,-0.483579454,-0.0270591335,0.3548031025,2.48783156,-0.0270591335
A_hops_citrus,250.0,-0.012235455156,0.48674259060660857,-0.579850507,-0.39029797,-0.14802799,0.195317651,1.817997731,-0.14802799
A_hops_tropical,250.0,0.007914521891999995,0.6110699293810465,-0.523589703,-0.359692818,-0.167881235,0.11888625375,3.063614044,-0.167881235
A_hops_noble,250.0,0.0010417153040000074,0.5361196981118528,-1.0269005,-0.370429256,-0.0464475535,0.30256774724999996,2.123449551,-0.0464475535
A_hops_woody,250.0,-0.019918499428,0.3696592855908294,-0.522916254,-0.280123362,-0.111873195,0.135686905,1.511101066,-0.111873195
A_esters_all,250.0,0.04075873440000001,0.602876366951326,-1.699589618,-0.3638254465,0.036392214,0.40370774,1.670572305,0.036392214
A_esters_ethac,250.0,-0.005202173091999999,0.4987254793059294,-0.848913765,-0.378817839,-0.051927048,0.2846650725,1.78885696,-0.051927048
A_esters_isoaa,250.0,0.044706344952,0.5389257476704424,-0.868878218,-0.3567454505,-0.029173822,0.36567165975,2.171745921,-0.029173822
A_esters_flower,250.0,-0.029950507784,0.42416948711736535,-0.528880348,-0.36308328175,-0.131253074,0.16379649824999998,1.85681377,-0.131253074
A_esters_fruity,250.0,0.011240535080000006,0.5045625042006484,-0.689068908,-0.31396646475,-0.088438121,0.1571356935,2.406169683,-0.088438121
F_malt_all,250.0,0.034147856680000005,0.6872364578244262,-1.649828118,-0.48939432275,-0.0126725735,0.5038240037499999,2.466213759,-0.0126725735
F_malt_grain,250.0,0.01231812245599999,0.4496729407179533,-1.239843672,-0.306487547,-0.040330187,0.307928824,1.372628057,-0.040330187
F_malt_bread,250.0,0.030943584896,0.4875507372514515,-0.742979431,-0.33630978499999997,-0.0509043155,0.32455945725,1.991660997,-0.0509043155
F_malt_cara,250.0,0.02508915504000001,0.572102455306656,-0.555756438,-0.42528123025,-0.128886395,0.3112821085,2.368488183,-0.128886395
F_malt_burn,250.0,0.026065993276,0.6836398986168938,-0.538200898,-0.393314845,-0.202600469,0.132060944,2.949560062,-0.202600469
F_hops_all,250.0,0.021349911784000013,0.6941166554614945,-1.265565644,-0.51359842475,-0.072821571,0.5122202745,2.201119254,-0.072821571
F_hops_citrus,250.0,-0.018681823123999998,0.4486300826888457,-0.667823107,-0.358209143,-0.13160066450000002,0.16869016375,1.950996089,-0.13160066450000002
F_hops_tropical,250.0,0.010889299167999997,0.5096925812135308,-0.430393985,-0.302655853,-0.173692584,0.127789701,2.762132247,-0.173692584
F_hops_noble,250.0,0.014672435391999998,0.6123269683696362,-1.167382423,-0.42308049075,-0.0971966835,0.3815026205,2.364434371,-0.0971966835
F_hops_woody,250.0,-0.0012033320679999875,0.4651414517073349,-0.646236921,-0.305654563,-0.14308393949999998,0.16063970375,2.027262089,-0.14308393949999998
F_esters_all,250.0,0.05822655549600001,0.5843944376842637,-1.208515159,-0.306982688,-0.019546384,0.43973971425,1.993642465,-0.019546384
F_esters_ethac,250.0,0.00909752654799999,0.49672645526693016,-0.876467225,-0.33973469624999997,-0.0567063405,0.26421724625,1.873783892,-0.0567063405
F_esters_isoaa,250.0,0.062832603384,0.567421457430029,-0.726982849,-0.32183793875,-0.0707102835,0.37462242475,3.063107864,-0.0707102835
F_esters_flower,250.0,-0.004920268711999997,0.4155202423847791,-0.432918788,-0.297449026,-0.133316053,0.1370746315,2.084232862,-0.133316053
F_esters_fruity,250.0,0.01949918368,0.5054228731838676,-0.690180858,-0.294865417,-0.10147419599999999,0.17561155674999998,2.329356416,-0.10147419599999999
acidity,250.0,0.011382084123999988,0.8584632026985457,-0.72554338,-0.469663051,-0.32868836349999997,-0.050729512500000004,3.781348008,-0.32868836349999997
bitternes,250.0,-0.02259596166,0.730950413024744,-1.696521301,-0.526704324,0.018438054000000002,0.39202303475,2.328004649,0.018438054000000002
sweetness,250.0,0.025809929596000005,0.6805215039934586,-1.010874166,-0.43945399375,-0.1135412755,0.336391282,2.945475123,-0.1135412755
X4vg,250.0,-0.026798137539999992,0.6517031025250329,-0.701431141,-0.4492407305,-0.227492023,0.09193757799999999,3.355030417,-0.227492023
diacetyl,250.0,-0.009441748504000006,0.5171954759466197,-0.657461766,-0.3640837495,-0.1562826485,0.22416174525,2.189226081,-0.1562826485
dms,250.0,-0.020415212928000005,0.5004196286987839,-0.7594485,-0.36248642775,-0.1053487145,0.20952518325000002,2.317193605,-0.1053487145
metallic,250.0,-0.030125545944000003,0.4868300460656368,-0.73722619,-0.41357309475,-0.110575901,0.23175025975,2.026226247,-0.110575901
stale_hops,250.0,-0.048843160591999994,0.4415382915100902,-0.38753494,-0.35029381299999995,-0.2005732875,0.07906659999999999,2.731075163,-0.2005732875
t2n,250.0,-0.023774966860000003,0.4004194590529788,-0.513370956,-0.34801561675000003,-0.0826603475,0.17185633275,1.647048513,-0.0826603475
orange,250.0,0.017677743476,0.6835222944759471,-0.297576527,-0.251346633,-0.2280240925,-0.00396006,4.774454855,-0.2280240925
coriander,250.0,-0.009572656888000007,0.4526965045800073,-0.239478139,-0.180678619,-0.16653009400000002,-0.154420058,3.936706534,-0.16653009400000002
clove,250.0,-0.030998595096000003,0.5593648216383962,-0.268516935,-0.22077824425,-0.204894583,-0.07567859125000001,6.172383248,-0.204894583
lactic,250.0,0.01006652859599999,0.7352198335829093,-0.428248412,-0.314573857,-0.304324965,-0.259165332,3.826022977,-0.304324965
acetic,250.0,0.0031245530439999955,0.7478744617893408,-0.417191891,-0.2806984,-0.27415316,-0.252076691,4.396779269,-0.27415316
barnyard,250.0,-0.04931181586799999,0.4491693367711171,-0.37825167,-0.342486837,-0.21280004,0.08233422275,2.752413252,-0.21280004
alcohol,250.0,-0.01851257816799995,0.7582576213667281,-2.150728655,-0.44000197225000004,-0.0163231025,0.5077228045,1.741369484,-0.0163231025
aftertaste,250.0,0.017390136976000007,0.6216602916278339,-2.100344509,-0.35641575175,0.0464316295,0.38416272925,1.976961887,0.0464316295
body,250.0,0.002363408631999988,0.5658509444631238,-1.862278045,-0.37007041925,-0.037678998500000005,0.38784434225000003,1.716343682,-0.037678998500000005
co2,250.0,-0.0033442887719999986,0.5894287793001933,-1.739427779,-0.40187074575,-0.025685348,0.406679752,1.439582243,-0.025685348
overall,250.0,-0.008008562512000005,0.5478751659033442,-1.735964657,-0.26995846975000004,0.062934057,0.3646115755,1.34564954,0.062934057
aroma_acetaldehyde,250.0,0.0011605297000000228,1.0039231776683541,-0.145066167,-0.145066167,-0.145066167,-0.145066167,12.00413636,-0.145066167
aroma_acetate,250.0,0.0011124700120000383,1.0039300603874723,-0.139058723,-0.139058723,-0.139058723,-0.139058723,11.51691085,-0.139058723
aroma_acetic,250.0,0.002467906151999998,1.003624250201591,-0.308488284,-0.308488284,-0.308488284,-0.308488284,11.2645386,-0.308488284
aroma_acidic,250.0,0.0006074821879999917,1.003118430745419,-0.541217731,-0.541217731,-0.428971282,-0.07884340875,4.498603027,-0.428971282
aroma_aftertaste,250.0,0.003299293499999969,1.0033220159851286,-0.412411662,-0.412411662,-0.412411662,0.0815437695,10.99336228,-0.412411662
aroma_alcohol,250.0,0.0010436131840000087,1.0037876728662913,-0.827452442,-0.760941203,-0.363452448,0.45473009,5.438397201,-0.363452448
aroma_anise,250.0,0.002632963167999996,1.0035711863598453,-0.32912036,-0.32912036,-0.32912036,-0.06843675874999999,8.198969707,-0.32912036
aroma_apple,250.0,0.0010487212279999944,1.0039386515176272,-0.78300222,-0.52950891175,-0.21574018550000001,0.22845883375,10.37199413,-0.21574018550000001
aroma_banana,250.0,0.0034630472759999975,1.0029489200965087,-0.923885677,-0.8184286430000001,-0.328529842,0.48341141225,3.849439762,-0.328529842
aroma_barnyard,250.0,0.00015978429199999412,1.0031905361491165,-0.471511557,-0.471511557,-0.3601034745,-0.05793334325,5.275796528,-0.3601034745
aroma_bitter,250.0,0.0009463896680000126,1.0027203421771296,-0.672921946,-0.672921946,-0.278242929,0.14181872825,7.569657959,-0.278242929
aroma_blanket,250.0,0.0004861637199999862,1.0036076313020659,-0.371184448,-0.371184448,-0.371184448,-0.16792916875000002,6.267660305,-0.371184448
aroma_bread,250.0,0.007415187851999988,0.9994329098456455,-1.451447324,-0.83010177525,-0.0571470915,0.6804309355,4.206049079,-0.0571470915
aroma_burnt,250.0,0.004584687159999966,1.0026829276242062,-0.573085884,-0.573085884,-0.481663665,0.1925654075,5.543981947,-0.481663665
aroma_butterscotch,250.0,-0.0006105127079999874,1.0029595416726578,-0.42976218,-0.42976218,-0.42976218,0.07415912875,11.6171629,-0.42976218
aroma_buttery,250.0,0.003768235996000023,1.0031130510976642,-0.471029496,-0.471029496,-0.471029496,0.052928976,6.665543029,-0.471029496
aroma_cabbage,250.0,0.0016975467480000077,1.0038264693241692,-0.212193387,-0.212193387,-0.212193387,-0.212193387,9.76662629,-0.212193387
aroma_candy,250.0,-0.012257791288000022,0.9714309979333898,-1.203706927,-0.7537202620000001,-0.1214005035,0.470805328,3.806631448,-0.1214005035
aroma_caramel,250.0,-0.009134648867999999,0.9909668191866291,-1.052477053,-0.83295511375,-0.418048061,0.7349602705,2.591707355,-0.418048061
aroma_carbonation,250.0,0.004116757399999997,1.0029397506438467,-0.514594674,-0.514594674,-0.514594674,0.19386513700000002,6.829464897,-0.514594674
aroma_cardboard,250.0,0.002945605012000044,1.0034612537211258,-0.368200618,-0.368200618,-0.3002151505,-0.10163324375,10.09402151,-0.3002151505
aroma_cereal,250.0,0.004770447027999993,1.002573294083604,-0.596305886,-0.596305886,-0.308449274,0.20114079475000002,5.742870981,-0.308449274
aroma_cheesy,250.0,0.0021977080959999923,1.0037036985798289,-0.2747135,-0.2747135,-0.2747135,-0.01214542425,11.03185759,-0.2747135
aroma_citrus,250.0,0.0013183370240000087,1.0012129501164266,-0.983583039,-0.83559063775,-0.391568236,0.6501797925,3.128229614,-0.391568236
aroma_clove,250.0,-0.0008769458039999733,1.0005198886969737,-0.816881558,-0.816881558,-0.31687266300000005,0.42033231675,6.144422477,-0.31687266300000005
aroma_coriander,250.0,0.004079531972000032,1.0029589930743472,-0.509941484,-0.509941484,-0.39342348250000003,0.04981468175,5.089851955,-0.39342348250000003
aroma_corn,250.0,0.002800460531999988,1.003513823987827,-0.350057581,-0.350057581,-0.350057581,-0.1881298205,5.513217645,-0.350057581
aroma_dentist,250.0,0.0005039524760000127,1.0039920320061175,-0.062994079,-0.062994079,-0.062994079,-0.062994079,15.81151379,-0.062994079
aroma_diacetyl,250.0,0.002407873052000017,1.0036426979982125,-0.300984082,-0.300984082,-0.300984082,-0.300984082,9.233532104,-0.300984082
aroma_estery,250.0,0.005263401883999947,1.0022611843388731,-0.657925253,-0.657925253,-0.494053184,0.3430266745,6.726920941,-0.494053184
aroma_flour,250.0,0.0015958736960000124,1.0038475689420294,-0.19948425,-0.19948425,-0.19948425,-0.19948425,13.37471475,-0.19948425
aroma_flower,250.0,0.004872855555999976,1.0023154658519282,-0.830019061,-0.745378885,-0.35463670199999997,0.49310949200000004,5.035184052,-0.35463670199999997
aroma_fruity,250.0,-0.004329933455999992,0.9971720136954493,-2.061863014,-0.7596073622499999,-0.042231532,0.68469548775,4.742014711,-0.042231532
aroma_grainy,250.0,-0.0014538630640000179,1.0019270403570248,-0.515700668,-0.49849557,-0.3412265405,-0.08542196775,6.701370995,-0.3412265405
aroma_grape,250.0,-0.007723130676000015,0.999088324808245,-0.953448143,-0.71235249225,-0.2507577075,0.36222823075,4.638861112,-0.2507577075
aroma_grass,250.0,0.003390161735999998,1.0026977857437718,-0.806297846,-0.68994957825,-0.3704802575,0.24342608025,4.766311548,-0.3704802575
aroma_hay,250.0,0.003565706700000007,1.002540351563234,-0.853634102,-0.6995098805,-0.3952318585,0.31847513175,4.296561197,-0.3952318585
aroma_herb,250.0,-0.029280204808000008,0.9206475641263737,-0.878397815,-0.69265031075,-0.3309429305,0.36760416725,5.005187652,-0.3309429305
aroma_hoppy,250.0,-0.001105526772000001,1.0001771715623946,-0.829606081,-0.71247407175,-0.410524844,0.2853370105,3.74909341,-0.410524844
aroma_horse,250.0,0.0008497311240000087,1.0036677893220693,-0.37764493,-0.37764493,-0.37764493,-0.1637526195,6.049385479,-0.37764493
aroma_kiwi,250.0,-0.004756442356000001,1.0004807153632507,-0.129287974,-0.129287974,-0.129287974,-0.129287974,11.02598801,-0.129287974
aroma_lactic,250.0,2.0749359999989282e-05,1.003505894653728,-0.356846618,-0.356846618,-0.356846618,-0.04483406675,12.66077087,-0.356846618
aroma_lychee,250.0,0.0009739984800000129,1.003948263427722,-0.121749837,-0.121749837,-0.121749837,-0.121749837,14.96912876,-0.121749837
aroma_malt,250.0,0.0015451069240000094,1.0033301812653006,-1.891051731,-0.7214531695,0.11019742499999999,0.743306334,2.347667259,0.11019742499999999
aroma_mango,250.0,-0.010469961644000008,0.9858858262963468,-0.353515591,-0.353515591,-0.353515591,-0.10295961525,7.560362774,-0.353515591
aroma_medicinal,250.0,0.003273693896000001,1.003332624215194,-0.409211748,-0.409211748,-0.409211748,0.08103156375000001,12.50531898,-0.409211748
aroma_metallic,250.0,0.004809434827999994,1.0025497295463182,-0.601179367,-0.56456387275,-0.281486055,0.14218144775,8.856369896,-0.281486055
aroma_orange,250.0,-0.005006796496000007,0.9928818987526565,-0.91404587,-0.8183385285,-0.340484595,0.6434578595,3.838634651,-0.340484595
aroma_papaya,250.0,0.0018036267959999428,1.0038030660538435,-0.225453374,-0.225453374,-0.225453374,-0.225453374,11.78441015,-0.225453374
aroma_papery,250.0,0.0009882458240000106,1.0039465019788345,-0.123530695,-0.123530695,-0.123530695,-0.123530695,15.22167686,-0.123530695
aroma_pear,250.0,0.00629862660400002,1.0013797745746527,-0.964399284,-0.831598894,-0.201615204,0.4409249685,5.075900201,-0.201615204
aroma_pine,250.0,-0.0009647437080000074,1.0030706529645181,-0.34799485,-0.34799485,-0.26618487599999996,-0.08886622450000001,10.2566092,-0.26618487599999996
aroma_pineapple,250.0,-0.012167188564000014,0.9767939737958515,-0.571854989,-0.571854989,-0.3606151225,0.1523394095,7.892379926,-0.3606151225
aroma_resinous,250.0,-0.0076347592679999856,0.9947384135022764,-0.224055596,-0.224055596,-0.224055596,-0.224055596,10.44329067,-0.224055596
aroma_smoky,250.0,0.0021806643680000164,1.0037084013092383,-0.272583066,-0.272583066,-0.272583066,-0.095416223,12.0065777,-0.272583066
aroma_solvent,250.0,0.0026387221080000174,1.0035692729084615,-0.329840286,-0.329840286,-0.329840286,-0.329840286,8.214497678,-0.329840286
aroma_sour,250.0,-0.00045960721600000906,1.002164089795599,-0.618738113,-0.5119481975,-0.392911064,-0.1973827755,3.509377712,-0.392911064
aroma_stale,250.0,-0.0018044904319999943,1.0018612526191428,-0.470737396,-0.470737396,-0.470737396,0.055057282250000006,8.362357755,-0.470737396
aroma_sweet,250.0,0.0014157445479999994,1.003418156000284,-2.136528645,-0.74456387925,0.0020213955000000002,0.7048182915000001,4.699282693,0.0020213955000000002
aroma_toast,250.0,-0.029324270208000033,0.866364039444987,-0.636597692,-0.636597692,-0.4406642065,0.36117113999999995,5.519627718,-0.4406642065
aroma_tropical,250.0,-0.014567958844000018,0.9700974557617643,-0.413252217,-0.413252217,-0.3223111145,-0.032021683,7.184644109,-0.3223111145
aroma_woody,250.0,-0.015023203560000005,0.9647317368150262,-0.586286239,-0.586286239,-0.455177246,0.114449173,4.923105466,-0.455177246
palate_acetaldehyde,0.0,,,,,,,,
palate_acetate,0.0,,,,,,,,
palate_acetic,250.0,0.002081190116000002,1.003735117620046,-0.260148742,-0.260148742,-0.260148742,-0.260148742,8.569392121,-0.260148742
palate_acidic,250.0,-0.003190702572000021,0.9992332723152787,-0.616296617,-0.616296617,-0.446168184,0.17787332975,5.06929595,-0.446168184
palate_aftertaste,250.0,0.008396026236000026,0.9995570553187022,-1.049503283,-1.049503283,-0.07288806,0.49113629075,5.104581843,-0.07288806
palate_alcohol,250.0,0.004092268364000006,1.0026045297243364,-0.806266742,-0.806266742,-0.3939661205,0.5771180165,4.259946939,-0.3939661205
palate_anise,250.0,-0.06127701185599998,0.22158369046636564,-0.102325447,-0.102325447,-0.102325447,-0.102325447,1.780010071,-0.102325447
palate_apple,250.0,0.002291068459999963,1.003677288422995,-0.286383557,-0.286383557,-0.286383557,-0.286383557,13.15635147,-0.286383557
palate_banana,250.0,-0.003586964452000002,1.0008877869108008,-0.3107069,-0.3107069,-0.3107069,-0.0591384005,13.15354399,-0.3107069
palate_barnyard,250.0,0.0027580012079999657,1.0035286999090796,-0.34475016,-0.34475016,-0.34475016,-0.34475016,8.889406851,-0.34475016
palate_bitter,250.0,0.001978083171999998,0.999040798169322,-1.33220275,-0.777063734,-0.1486122445,0.56519960975,4.321311424,-0.1486122445
palate_blanket,250.0,0.0016387009760000027,1.0038388401061102,-0.204837625,-0.204837625,-0.204837625,-0.204837625,11.75528505,-0.204837625
palate_bread,250.0,0.0053784615599999875,1.0021839059358224,-0.672307697,-0.672307697,-0.3211897715,0.35407352275000004,7.182671913,-0.3211897715
palate_burnt,250.0,0.0021906309080000027,1.00370565572952,-0.273828841,-0.273828841,-0.273828841,-0.273828841,8.469124217,-0.273828841
palate_butterscotch,250.0,0.00199232225199998,1.0037579300117445,-0.249040337,-0.249040337,-0.249040337,-0.249040337,7.701493703,-0.249040337
palate_buttery,250.0,0.003233186435999997,1.003349240523531,-0.40414833,-0.40414833,-0.40414833,-0.40414833,7.455991007,-0.40414833
palate_cabbage,250.0,0.0006471986200000331,1.0039816428667023,-0.080899785,-0.080899785,-0.080899785,-0.080899785,14.84742718,-0.080899785
palate_candy,250.0,-0.05803774005999999,0.3707671052439258,-0.183913415,-0.183913415,-0.183913415,-0.183913415,2.781452934,-0.183913415
palate_caramel,250.0,-0.03142181631199996,0.849996045300303,-0.544311696,-0.544311696,-0.544311696,0.26074854375,4.344115253,-0.544311696
palate_carbonation,250.0,-0.0027186377120000174,1.001712720140604,-4.935887292,-0.42346477325,0.154554011,0.67841150025,1.906945231,0.154554011
palate_cardboard,250.0,0.0014516418759999467,1.0038752646887468,-0.181455202,-0.181455202,-0.181455202,-0.181455202,13.05969873,-0.181455202
palate_cereal,250.0,0.0038339002320000367,1.003081573387251,-0.479237508,-0.479237508,-0.479237508,0.10155601075,6.658085334,-0.479237508
palate_cheesy,250.0,0.0013915163240000314,1.003886035691247,-0.173939527,-0.173939527,-0.173939527,-0.173939527,9.306584477,-0.173939527
palate_citrus,250.0,0.004966731016000001,1.0024527047088598,-0.620841345,-0.620841345,-0.5019893245,0.365849368,6.370089545,-0.5019893245
palate_clove,250.0,0.00285985432800004,1.003492633392487,-0.35748176,-0.35748176,-0.35748176,-0.35748176,8.028741136,-0.35748176
palate_coriander,250.0,0.002269483395999998,1.0036834922687001,-0.283685395,-0.283685395,-0.283685395,-0.283685395,10.53108528,-0.283685395
palate_corn,250.0,0.001277987800000048,1.003905131147565,-0.159748529,-0.159748529,-0.159748529,-0.159748529,12.55822492,-0.159748529
palate_dentist,0.0,,,,,,,,
palate_diacetyl,250.0,0.0011487545040000287,1.0039248910323737,-0.143594318,-0.143594318,-0.143594318,-0.143594318,10.96637324,-0.143594318
palate_estery,250.0,0.00140016810400002,1.0038845138910468,-0.175020976,-0.175020976,-0.175020976,-0.175020976,13.54309534,-0.175020976
palate_flour,250.0,0.001025181547999992,1.0039418164267528,-0.128147669,-0.128147669,-0.128147669,-0.128147669,11.92381721,-0.128147669
palate_flower,250.0,0.0016646062760000077,1.0038334481408202,-0.208075828,-0.208075828,-0.208075828,-0.208075828,11.38428091,-0.208075828
palate_fruity,250.0,-0.014784967091999977,0.9588338202666677,-0.908057519,-0.908057519,-0.118703573,0.41423505325,3.474068041,-0.118703573
palate_grainy,250.0,0.0027227981680000256,1.003540860976301,-0.340349793,-0.340349793,-0.340349793,-0.0153510325,9.7905178,-0.340349793
palate_grape,250.0,0.0026337315080000147,1.0035709313262797,-0.329216426,-0.329216426,-0.329216426,-0.329216426,7.896105465,-0.329216426
palate_grass,250.0,0.0033053872640000036,1.0033194786291315,-0.41317338,-0.41317338,-0.41317338,0.0135100745,8.532945945,-0.41317338
palate_hay,250.0,0.003641337440000033,1.003172339291411,-0.455167172,-0.455167172,-0.455167172,0.07843482875,7.181674827,-0.455167172
palate_herb,250.0,0.003976769036000014,1.0030112036762129,-0.497096124,-0.497096124,-0.497096124,0.138711771,6.788354667,-0.497096124
palate_hoppy,250.0,0.005210456284000035,1.0022961812369229,-0.651307039,-0.651307039,-0.3919016755,0.21838127525,5.829088316,-0.3919016755
palate_horse,250.0,0.001667930231999982,1.0038327501648756,-0.208491229,-0.208491229,-0.208491229,-0.208491229,13.28400189,-0.208491229
palate_kiwi,250.0,0.0008115270360000259,1.0039665405028995,-0.101440855,-0.101440855,-0.101440855,-0.101440855,12.57454648,-0.101440855
palate_lactic,250.0,0.0020940957319999995,1.0037317219522341,-0.26176192,-0.26176192,-0.26176192,-0.26176192,7.481525083,-0.26176192
palate_lychee,250.0,0.0005039524760000056,1.0039920320061173,-0.062994079,-0.062994079,-0.062994079,-0.062994079,15.81151379,-0.062994079
palate_malt,250.0,-0.02701788464799998,0.8929679172020397,-0.460441683,-0.460441683,-0.460441683,0.049396867,7.830099932,-0.460441683
palate_mango,250.0,0.0010840955679999951,1.0039339869946982,-0.135511986,-0.135511986,-0.135511986,-0.135511986,12.46623756,-0.135511986
palate_medicinal,250.0,0.0024635007920000137,1.0036256195208735,-0.307937631,-0.307937631,-0.307937631,-0.307937631,8.275665846,-0.307937631
palate_metallic,250.0,0.004461927199999991,1.0027529836440898,-0.557740871,-0.557740871,-0.557740871,0.2126020385,7.724947127,-0.557740871
palate_orange,250.0,0.0018324201480000113,1.0028123137304246,-0.724899683,-0.724899683,-0.390928238,0.42116576275,4.937989268,-0.390928238
palate_papaya,250.0,0.0005039524760000269,1.003992032006117,-0.062994079,-0.062994079,-0.062994079,-0.062994079,15.81151379,-0.062994079
palate_papery,250.0,0.0006656203760000352,1.0039801194973528,-0.083202574,-0.083202574,-0.083202574,-0.083202574,15.66402906,-0.083202574
palate_pear,250.0,0.0019408972599999927,1.0037706759639902,-0.242612208,-0.242612208,-0.242612208,-0.242612208,10.51517549,-0.242612208
palate_pine,250.0,0.002534365251999997,1.003603297826415,-0.316795673,-0.316795673,-0.316795673,-0.316795673,6.460451501,-0.316795673
palate_pineapple,250.0,-0.03490080293600002,0.829557905527693,-0.180389066,-0.180389066,-0.180389066,-0.180389066,7.434533572,-0.180389066
palate_resinous,250.0,0.0018056331600000454,1.0038026098239137,-0.225704094,-0.225704094,-0.225704094,-0.225704094,8.246892085,-0.225704094
palate_smoky,250.0,0.001016891048000005,1.0039428831816148,-0.127111354,-0.127111354,-0.127111354,-0.127111354,13.84243602,-0.127111354
palate_solvent,250.0,0.0006791770960000089,1.0039789707073616,-0.08489718,-0.08489718,-0.08489718,-0.08489718,14.07356118,-0.08489718
palate_sour,250.0,-0.0060793850360000195,0.9934999854577959,-0.665257694,-0.665257694,-0.339129162,0.0440187265,5.899000297,-0.339129162
palate_stale,250.0,0.0015154550760000092,1.0038633344568346,-0.189431907,-0.189431907,-0.189431907,-0.189431907,9.315863246,-0.189431907
palate_sweet,250.0,0.006338936460000007,1.0010476490489026,-1.11814369,-0.6922537449999999,-0.160105493,0.40510033050000005,7.102759388,-0.160105493
palate_toast,250.0,0.0030062764839999686,1.0034384910192893,-0.375784577,-0.375784577,-0.375784577,-0.08220315,8.958840894,-0.375784577
palate_tropical,250.0,0.001116049655999973,1.0039295577751488,-0.139506214,-0.139506214,-0.139506214,-0.139506214,12.39579482,-0.139506214
palate_woody,250.0,0.0035220921640000285,1.0032261980224135,-0.440261549,-0.440261549,-0.440261549,0.09150432350000001,8.436750851,-0.440261549
taste_acetaldehyde,250.0,0.0007405653960000223,1.0039734797501274,-0.092570678,-0.092570678,-0.092570678,-0.092570678,15.39211335,-0.092570678
taste_acetate,250.0,0.0008658572559999804,1.0039607992174964,-0.108232211,-0.108232211,-0.108232211,-0.108232211,15.24274591,-0.108232211
taste_acetic,250.0,0.0028548544400000112,1.003494434418327,-0.35685685,-0.35685685,-0.35685685,-0.31419132024999996,8.286936173,-0.35685685
taste_acidic,250.0,0.005001181848000001,1.0020852863917236,-0.918892755,-0.5893467305,-0.2919656325,0.13332057525000002,4.693383963,-0.2919656325
taste_aftertaste,250.0,0.005398858940000011,1.0013553485015185,-2.227932988,-0.66672700275,0.0650393605,0.6078416040000001,3.777430157,0.0650393605
taste_alcohol,250.0,-0.0006747528799999998,1.0036152906571802,-0.959607847,-0.831379383,-0.372443348,0.646649131,3.736588078,-0.372443348
taste_anise,250.0,-0.023021953800000005,0.9258526990654827,-0.351889783,-0.351889783,-0.351889783,-0.048307022,9.089488288,-0.351889783
taste_apple,250.0,0.0017803846440000086,1.0028799182515737,-0.704153628,-0.47894247975,-0.245001321,0.12059762674999999,11.16323023,-0.245001321
taste_banana,250.0,0.0053150837239999615,1.0020817313598651,-0.854569682,-0.788861831,-0.3580361235,0.38457230125,3.836929908,-0.3580361235
taste_barnyard,250.0,-0.0010713848359999857,1.0025795237927508,-0.448134743,-0.448134743,-0.41282961149999997,-0.06716899225,6.24862637,-0.41282961149999997
taste_bitter,250.0,-0.0070386759359999974,1.0008770447854465,-1.665843326,-0.784079274,-0.023561809000000003,0.6093305634999999,3.396212233,-0.023561809000000003
taste_blanket,250.0,0.002882429576,1.0034844621519956,-0.360303664,-0.360303664,-0.360303664,-0.17306094175,6.310012406,-0.360303664
taste_bread,250.0,0.00909939427200004,0.9982203565002127,-1.509785737,-0.8259196280000001,-0.023802669,0.66562600475,3.302839926,-0.023802669
taste_burnt,250.0,0.0030002060720000045,1.0032209116067892,-0.609401354,-0.609401354,-0.434323068,0.19463872025,4.817353985,-0.434323068
taste_butterscotch,250.0,-0.0011816874520000056,1.0021644723409437,-0.514459807,-0.514459807,-0.514459807,0.21761796425000002,8.768878036,-0.514459807
taste_buttery,250.0,0.005099842624000008,1.0023681509076063,-0.637480345,-0.637480345,-0.3675838355,0.27959713199999997,8.044437282,-0.3675838355
taste_cabbage,250.0,0.0013371646280000108,1.003895380292049,-0.167145533,-0.167145533,-0.167145533,-0.167145533,11.31769517,-0.167145533
taste_candy,250.0,0.006763754808000016,1.0007450705118943,-1.151853689,-0.69991746225,-0.193412061,0.52905659625,4.982507269,-0.193412061
taste_caramel,250.0,-0.005284851299999985,1.0001993048523505,-1.062301409,-0.834457733,-0.37298790400000004,0.72520810975,2.775036902,-0.37298790400000004
taste_carbonation,250.0,0.006377646728000002,0.9968481694029041,-1.866293104,-0.5777337542500001,-0.0434198115,0.338150315,6.149753773,-0.0434198115
taste_cardboard,250.0,0.003791207127999982,1.0031021012915806,-0.473900904,-0.473900904,-0.3192171915,-0.0290057295,6.662212873,-0.3192171915
taste_cereal,250.0,0.00504967062,1.0024002840554491,-0.631208815,-0.631208815,-0.3431941175,0.10747477725,5.493365885,-0.3431941175
taste_cheesy,250.0,-0.0022148106,1.0023410059055602,-0.305512303,-0.305512303,-0.305512303,-0.12731644525,10.5073326,-0.305512303
taste_citrus,250.0,-0.0026438378919999934,0.9998687780509173,-0.971864564,-0.82490531925,-0.40211117949999997,0.60161674,3.066244578,-0.40211117949999997
taste_clove,250.0,0.005274610299999978,1.0021922227666227,-0.78321883,-0.78321883,-0.3794434765,0.5824608382500001,5.980703429,-0.3794434765
taste_coriander,250.0,0.0034890603879999898,1.0032315668254204,-0.484157622,-0.484157622,-0.3708414245,-0.01402209775,5.309372189,-0.3708414245
taste_corn,250.0,0.002848253239999991,1.0034968074241835,-0.356031664,-0.356031664,-0.3166581575,-0.17183884175,8.188715616,-0.3166581575
taste_dentist,250.0,0.0011380965840000119,1.0039264266241832,-0.142262019,-0.142262019,-0.142262019,-0.142262019,11.12720625,-0.142262019
taste_diacetyl,250.0,0.0027744387479999607,1.0035229678816542,-0.346804887,-0.346804887,-0.346804887,-0.346804887,6.747369118,-0.346804887
taste_estery,250.0,0.0013101728999999978,1.0034212429851774,-0.509629266,-0.509629266,-0.3020094845,0.1318896,9.299086058,-0.3020094845
taste_flour,250.0,0.0017764409120000302,1.003809198990023,-0.222055089,-0.222055089,-0.222055089,-0.222055089,14.05330749,-0.222055089
taste_flower,250.0,0.005246898332,1.002272131193585,-0.65586229,-0.65586229,-0.3776391915,0.266001834,6.357917027,-0.3776391915
taste_fruity,250.0,-0.009828002304000024,0.9895285981753851,-2.274578478,-0.740272515,0.012938050999999999,0.698416604,2.185600216,0.012938050999999999
taste_grainy,250.0,0.004870421879999981,1.0025124826840919,-0.608802736,-0.5201890425,-0.329447292,0.060158023,6.661485196,-0.329447292
taste_grape,250.0,0.0008577508960000024,1.0014703331209875,-0.895907676,-0.6964072155000001,-0.28209956999999997,0.2740182545,4.732509352,-0.28209956999999997
taste_grass,250.0,0.0048208336,1.0023360760142752,-0.829762211,-0.6851989525,-0.33965439399999997,0.30655099225000004,5.127373576,-0.33965439399999997
taste_hay,250.0,0.006014048143999997,1.0017267893975224,-0.751756018,-0.66176545,-0.3334072295,0.213584805,5.895065404,-0.3334072295
taste_herb,250.0,-0.015569576564000001,0.9806354802937858,-0.948827145,-0.71800331625,-0.28035839149999997,0.38106316125,4.500295117,-0.28035839149999997
taste_hoppy,250.0,0.0022106277479999933,1.001980249671312,-0.931661465,-0.78286992525,-0.2779897285,0.3503463995,3.618947691,-0.2779897285
taste_horse,250.0,0.0027563770840000304,1.0035292644143357,-0.344547112,-0.344547112,-0.344547112,-0.19084627225,6.680063677,-0.344547112
taste_kiwi,250.0,0.0026233839759999497,1.00357435993892,-0.327922979,-0.327922979,-0.327922979,-0.327922979,6.598978789,-0.327922979
taste_lactic,250.0,-0.0006340782839999974,1.002997765469179,-0.416830079,-0.416830079,-0.416830079,-0.0651475675,8.794155429,-0.416830079
taste_lychee,250.0,0.0018823173199999986,1.003784789006761,-0.235289661,-0.235289661,-0.235289661,-0.235289661,6.748434763,-0.235289661
taste_malt,250.0,-0.0012512996799999812,0.995221975112635,-2.076473146,-0.6641854222500001,0.10571212199999999,0.5889479235,2.364380943,0.10571212199999999
taste_mango,250.0,-0.007451437331999983,0.9938682788191378,-0.352165272,-0.352165272,-0.352165272,-0.08580157225000001,8.480514337,-0.352165272
taste_medicinal,250.0,0.00014045796399996034,1.0023383539185104,-0.663125539,-0.663125539,-0.3001465115,0.23972574000000002,8.491212069,-0.3001465115
taste_metallic,250.0,-0.003573861751999985,1.0003442053751839,-0.754009471,-0.55715555225,-0.31461930699999996,0.16693707075,8.840494935,-0.31461930699999996
taste_orange,250.0,-0.006407937131999986,0.9896767411800542,-0.905027333,-0.765231402,-0.3656225175,0.49534791100000003,4.452937835,-0.3656225175
taste_papaya,250.0,0.0013819443400000396,1.003887708564783,-0.172743052,-0.172743052,-0.172743052,-0.172743052,11.99343716,-0.172743052
taste_papery,250.0,0.0029084145199999795,1.0034749772077578,-0.363551824,-0.363551824,-0.363551824,-0.1170534425,8.957127893,-0.363551824
taste_pear,250.0,0.004466634555999974,1.002066921533891,-0.971341629,-0.971341629,-0.2579002895,0.506955947,3.324857034,-0.2579002895
taste_pine,250.0,-0.0018350545319999972,1.0025448121160563,-0.329633854,-0.329633854,-0.28540817549999997,-0.0664579505,11.18668009,-0.28540817549999997
taste_pineapple,250.0,-0.014149571511999994,0.9697432481615759,-0.526220069,-0.526220069,-0.3707755275,0.08205073825,6.663936433,-0.3707755275
taste_resinous,250.0,-0.0033504780399999847,1.0010647336654666,-0.328140938,-0.328140938,-0.328140938,-0.328140938,7.56330578,-0.328140938
taste_smoky,250.0,0.0022767500600000086,1.0036814102309803,-0.284593779,-0.284593779,-0.284593779,-0.03431215775,13.43758376,-0.284593779
taste_solvent,250.0,0.002747481292000046,1.003532350427499,-0.343435155,-0.343435155,-0.343435155,-0.130775743,7.513250484,-0.343435155
taste_sour,250.0,-0.003939707663999996,0.9967838196953495,-0.754565283,-0.5494379515000001,-0.43019515500000005,-0.08856099425,3.05239656,-0.43019515500000005
taste_stale,250.0,-0.0018086796400000225,1.0012538069244659,-0.571463158,-0.571463158,-0.46133468850000003,0.3409053085,7.88365229,-0.46133468850000003
taste_sweet,250.0,0.001193663887999989,1.0031613254452876,-2.226406876,-0.75754881,-0.015199387,0.67554677475,3.119457388,-0.015199387
taste_toast,250.0,0.0017140039040000126,1.0028855008059387,-0.698195916,-0.698195916,-0.324789209,0.3977948545,8.189946595,-0.324789209
taste_tropical,250.0,-0.02019681647200003,0.938599895837797,-0.540468853,-0.540468853,-0.4204800785,0.20476078475,6.419686824,-0.4204800785
taste_woody,250.0,0.0024406814039999885,1.002940096730334,-0.721039642,-0.721039642,-0.345776,0.19462711900000002,5.408718274,-0.345776
na_count,250.0,3.292,0.5513182449628491,3.0,3.0,3.0,3.75,6.0,3.0
