tasting_category_fine,ethyl_acetate,H2S,isobutyl_acetate,pH,protein.g.L.,bitterness,kcalperc,X3.methylbutanal,ethyl.butyrate,ethyl.lactate,X3.methyl.2.hexanol,X2.pentyl.furan,X2.3.dihydro.farnesol,limonene,eucalyptol,cis.linalool.oxide,trans.dihydro.beta.terpineol,cis.beta.terpineol,isoborneol,cumin.aldehyde,eugenol,E.caryophyllene,linalool.isovalerate,Z.nerolidol,alpha.eudesmol,tau.muurolol,ambroxide,manool,styrene,overall
0,-0.599349782,0.646678137,-3.265600257,0.624797579,0.995635195,0.54344718,1.528131048,0.0,0.000205621,-1.81781854,8.327708883,5.633351441,-1.81781854,7.525391256,5.741261636,6.089594992,4.226093497,6.996859911,6.704602688,5.817634755,0.001417299,0.002168421,4.724113198,0.000855176,-1.81781854,-1.81781854,3.806820131,5.721204203,0.000279824,-0.46785231
0,-0.507253576,0.284789302,-3.265600257,0.627365857,0.911157609,1.392283561,1.573056951,0.002255568,0.000489059,-1.81781854,8.719027268,5.047435558,3.994792598,-1.81781854,-1.81781854,4.847781862,4.254682787,-1.81781854,5.663335872,4.442513734,0.000177669,9.15e-05,3.990793639,0.000911951,5.83727912,5.766721243,3.968726432,5.810500871,0.001966321,-0.994805689
0,-0.134514038,-1.586071886,-3.265600257,0.63447727,0.792391689,1.121198603,1.51271714,0.001885006,0.000506055,-1.81781854,8.620787483,5.297171627,4.879504369,-1.81781854,-1.81781854,3.738782029,4.061893066,-1.81781854,5.637395457,4.730831013,0.000175396,0.000691357,-1.81781854,0.001936827,5.975323373,5.756975552,4.095296446,5.585528603,0.000561774,-1.528543899
0,-0.233873554,0.401395371,-3.265600257,0.657533888,0.802773725,1.326233421,1.51516396,0.00123903,0.000361981,-1.81781854,8.600933697,5.818193417,3.368209592,-1.81781854,-1.81781854,4.32575029,4.221366479,-1.81781854,5.807362777,4.486404386,0.000123916,0.000174427,3.888329552,0.000590342,3.720947014,5.540785695,3.786948371,5.204582653,0.000518496,-0.934138161
0,0.207751474,1.11354111,-2.872895202,0.630050882,0.139096337,0.154271776,0.955286362,0.006766748,0.017897975,-1.81781854,8.532116964,5.167518129,5.519664399,-1.81781854,4.202031244,-1.81781854,4.68300148,-1.81781854,5.669797728,4.439884455,3.86e-05,8.06e-05,4.419123984,0.001345805,-1.81781854,5.62043492,4.657489459,6.515499379,0.003196712,-1.735964657
1,0.659248089,-1.586071886,-3.265600257,0.593286067,1.399673721,0.918030337,1.77751563,0.033458131,0.014363279,-1.81781854,8.16350444,4.765267049,5.59165313,-1.81781854,4.853810869,5.725193054,4.332018443,-1.81781854,5.848253792,5.178405167,0.188861713,5.394685936,4.09346881,0.042715627,4.781491149,5.525074725,4.192151023,5.908192286,0.023242407,-0.800697501
2,1.577114673,1.087062321,-0.447447368,0.63447727,1.079181246,1.061866972,1.783516899,0.183261611,0.056606662,-1.81781854,7.847041256,5.349732972,5.546056203,-1.81781854,-1.81781854,4.420719941,4.594370975,-1.81781854,5.125015839,3.908562896,0.000984401,0.000486423,4.871912136,0.005552412,-1.81781854,4.516660434,4.026356069,5.923461355,0.239221515,-0.259323556
1,0.46560812,0.662232584,-3.265600257,0.57634135,1.36078269,0.979502849,1.747799936,0.02709936,0.012685589,5.913213605,8.269164562,5.117896914,-1.81781854,-1.81781854,5.039913804,6.153598438,4.096601712,-1.81781854,6.293992495,4.898262332,0.010852541,0.017168046,7.027415089,0.002258676,-1.81781854,5.712377605,4.333710069,5.858581848,0.014425674,-0.250889603
3,0.949666111,0.856218793,-2.031517051,0.62324929,0.525044807,1.113425231,1.504498048,0.035419732,0.028762618,-1.81781854,8.111843058,5.185612824,5.68830708,-1.81781854,4.306985185,-1.81781854,4.50850469,-1.81781854,5.493119438,4.274967826,0.000330681,0.000272775,4.205292261,0.001805335,5.048597761,5.785502391,4.409765137,5.88962727,0.001159386,0.230788319
1,0.786459666,0.662037344,-2.57105571,0.584896344,1.33243846,0.691656043,1.7570926,0.024003576,0.014473665,-1.81781854,8.194455158,5.041369802,4.934105105,-1.81781854,-1.81781854,5.400656888,4.707812188,6.416645095,6.737645165,4.60648351,0.001934745,0.004144992,7.595991289,0.012129481,-1.81781854,5.410889414,4.73293403,6.081143952,0.065728506,-0.677687018
0,0.936354371,0.632350983,-1.680789806,0.633468456,0.812913357,1.278021541,1.536100045,0.030280662,0.007581076,4.041134217,7.92684191,5.029272719,4.924987942,-1.81781854,-1.81781854,-1.81781854,-1.81781854,-1.81781854,5.24934529,4.396262785,0.000277699,0.000188888,-1.81781854,0.003128205,3.952116082,5.051021982,3.793947041,5.290161781,0.000239015,-0.819544996
0,1.071283152,-1.586071886,-1.35753548,0.62324929,0.556302501,1.26853117,1.526461341,0.214225774,0.010704542,-1.81781854,7.886038482,-1.81781854,4.831557018,-1.81781854,-1.81781854,-1.81781854,-1.81781854,-1.81781854,5.144937061,4.100252206,0.00059475,0.000278086,3.793616675,0.005056541,5.210822479,5.27829316,3.764605826,5.041979983,0.000544826,-0.887407558
4,0.971618138,-1.586071886,-1.986952004,0.583198774,1.1430148,1.09730938,1.598945162,0.12753144,0.012186719,5.57399639,8.278617354,-1.81781854,5.113785006,-1.81781854,-1.81781854,-1.81781854,4.381559501,-1.81781854,5.127741806,4.049821242,0.000601167,0.002091946,4.610156222,0.014659224,-1.81781854,-1.81781854,4.309267664,5.206163933,0.030371201,0.539157953
1,0.784718901,0.645270436,-2.304518324,0.592176757,1.377488383,0.584161545,1.633893755,0.000965121,0.116849818,-1.81781854,7.675668591,4.765602556,4.2995217,6.021108817,6.056113021,6.003991584,3.589299351,5.324968518,5.616249478,5.006950812,0.023112563,0.317952842,4.734929152,0.00786899,-1.81781854,5.369009517,4.181888961,5.562234426,0.100923836,-1.020328521
1,0.892526177,0.602107761,-2.779891912,0.574031268,1.326335861,0.425860145,1.760453999,0.009342736,0.025531939,-1.81781854,8.323954163,5.423876877,6.412241978,6.378626307,4.945584243,6.039506793,4.861557581,6.995798442,6.429946059,4.903821995,0.003876435,0.038565927,6.912743309,0.003318266,-1.81781854,5.357635534,4.8201848,5.954730061,0.059544107,-0.151732141
1,0.953613292,-1.586071886,-2.964570262,0.598790507,1.439332694,0.840858554,1.771223285,0.027194312,0.153312342,4.766203549,8.203483748,4.729828169,4.595087022,6.346250575,6.619933103,6.033372683,5.119937234,7.471587833,6.720313878,5.340808074,0.0051709,0.001411442,3.780403828,0.007333222,-1.81781854,5.097521256,4.566237151,5.791903569,0.07331886,-0.259741073
5,1.195376663,0.864105966,-1.810509686,0.595496222,1.138302698,0.640878779,1.809566717,0.067938347,0.031664223,5.59912198,8.091708374,4.909149334,5.613401153,-1.81781854,5.000538229,-1.81781854,3.626109279,5.730733169,5.513798751,4.423240903,0.05822463,0.007846734,4.416706115,0.003004181,4.270068123,-1.81781854,4.199509544,5.974389603,0.095303238,-0.215437592
6,1.161103901,0.7679858,-1.342513892,0.617000341,0.568201724,1.230678781,1.576469661,0.040389746,0.05761753,-1.81781854,7.959953286,5.054001839,5.258479234,-1.81781854,-1.81781854,4.020893803,4.540515209,-1.81781854,5.647879291,4.194728226,0.000446027,0.000120453,3.676382723,0.00221041,6.336592806,5.55323719,4.168491401,5.424950695,0.133716763,-0.579597186
7,1.052083809,0.328670055,-1.391099736,0.609594409,0.62324929,0.342817315,1.620563005,0.032441907,0.083380259,-1.81781854,7.816895658,4.948662127,4.986669391,6.901354039,4.973656905,6.710274147,5.03106173,6.329079775,6.847566197,4.428356478,0.000748844,0.000298418,4.604826135,0.004704733,4.462773478,4.936876664,4.1940788,4.894820145,0.01579409,-0.201182104
3,1.150575779,0.869207363,-1.185752404,0.605305046,0.469822016,1.269477919,1.626763778,0.049776681,0.026427642,-1.81781854,8.130806816,4.981797879,5.18167853,-1.81781854,-1.81781854,-1.81781854,4.534601707,5.159753238,5.190443128,4.591709188,0.000307278,9.97e-05,4.85021685,0.000982968,4.567647913,5.646563234,4.242589492,5.495427108,0.000465015,-1.427364546
8,1.092143716,0.30024321,-1.039909932,0.649334859,1.221414238,1.637319581,1.676470096,0.974746458,0.020005308,-1.81781854,7.694242844,-1.81781854,5.565811839,-1.81781854,-1.81781854,4.662612666,4.370349753,-1.81781854,6.574836126,3.795605766,0.00414829,0.02665103,4.655302154,0.025435157,4.346512793,5.794096556,4.187960863,5.719185118,0.002389838,-0.244101972
6,1.19290099,1.028448836,-1.26744542,0.618048097,0.612783857,1.210479043,1.573518266,0.049079688,0.019565354,-1.81781854,7.808247021,5.004968798,5.535424761,-1.81781854,5.35935741,5.903660773,-1.81781854,5.01426573,6.595722755,3.968459568,0.003522031,0.000199347,4.9015075,0.007405375,5.58384372,5.772493569,4.341975164,4.740463357,0.029471463,0.166066888
3,1.035105998,1.173714533,-1.736956017,0.612770086,0.594588105,1.237983339,1.632457463,0.036322806,0.047475996,-1.81781854,8.054799074,5.185152156,4.212444999,-1.81781854,4.252069095,-1.81781854,4.364213232,5.302161357,5.454278226,3.612441079,0.000162306,0.000247784,4.764516185,0.003885019,5.163738287,5.650237735,4.705867731,5.90326779,0.001018363,-0.01382083
3,1.025314879,0.868722886,-1.737905035,0.612783857,0.653212514,1.455134293,1.493284577,0.192219611,0.011345058,-1.81781854,7.999289732,-1.81781854,4.656372066,-1.81781854,-1.81781854,-1.81781854,4.342057099,4.763270365,5.557375338,4.001048985,0.00096728,0.005977268,4.563783955,0.001324502,-1.81781854,4.986137485,3.834153784,6.176793714,0.000420033,-0.707959951
3,1.025313134,0.946844983,-2.043143523,0.61348646,0.64152601,1.319263246,1.612715782,0.01026812,0.043591613,4.750482137,8.133037809,5.297636351,5.727568225,-1.81781854,4.204704781,-1.81781854,4.298815821,4.948063596,5.005752238,4.186363801,0.000380224,0.000126308,4.697549223,0.004545954,-1.81781854,5.473516566,4.752130707,5.772024111,0.000832887,-0.847479607
7,0.837320709,0.923314495,-1.889241991,0.610660163,0.579783597,0.379305518,1.442553844,0.0,0.046636233,-1.81781854,7.637584104,5.165705278,4.353661073,6.788066262,5.420790771,6.756957047,-1.81781854,6.211305503,6.790432728,4.381440542,0.001585837,0.001475686,5.141602557,0.004163116,4.947522232,5.518409045,4.431246156,5.722109525,0.013342115,-1.375542697
4,1.402513802,0.815262206,-1.036094174,0.591064607,1.004321374,0.667312835,1.651055769,0.10998154,0.025050002,-1.81781854,8.05597513,5.064909121,5.379485532,-1.81781854,4.699335755,4.834273157,4.55634314,-1.81781854,6.218495259,4.238997009,0.000888246,0.189947086,5.217985222,0.009222321,4.749041866,-1.81781854,4.77976334,6.030258094,0.032017794,0.200307573
7,1.252160155,1.110774162,-1.327255802,0.605305046,0.672097858,0.338456494,1.636678423,0.069730366,0.090335313,-1.81781854,7.785760322,5.364499178,5.755032215,-1.81781854,-1.81781854,4.330141374,4.414951358,-1.81781854,5.720439821,4.284345158,0.000635814,0.000315688,3.813991186,0.009019377,6.402367274,5.613943692,4.212641013,5.061302589,0.093379153,0.806182051
7,1.362286206,0.228674914,-0.906981275,0.612783857,0.62324929,0.732996528,1.61805448,0.130355833,0.042687345,-1.81781854,7.938222716,4.929216702,4.586489513,6.31444477,5.069644174,5.466749819,-1.81781854,-1.81781854,6.496217071,5.336992695,0.001096562,0.000235083,5.038276166,0.001190065,5.01948621,4.859892982,-1.81781854,5.608379325,0.000312203,0.083811052
9,1.236625673,0.988105699,-0.978583273,0.60792338,0.657280595,1.069760569,1.627432333,0.613558704,0.025907593,-1.81781854,7.807882578,-1.81781854,4.549945226,-1.81781854,-1.81781854,-1.81781854,4.299357181,-1.81781854,5.414814926,4.78541446,0.001524383,0.000651378,4.706021848,0.003918332,4.417796779,5.536463655,3.51111814,5.988152646,0.005419225,-0.075903585
10,1.120997162,0.746150212,-3.265600257,0.617524535,0.720159303,1.528492478,1.655565601,0.280895853,0.016592658,-1.81781854,7.861314365,4.892651966,5.555747849,-1.81781854,4.525963826,4.462066657,3.990395616,-1.81781854,6.136715228,4.02117084,0.001199488,0.000713031,4.558283312,0.019817092,7.942127394,5.483031416,4.417964655,4.822452028,0.305786066,0.107064974
0,0.630000999,-0.011844759,-3.265600257,0.615423953,0.767155866,1.30147492,1.550061944,0.001610206,0.193594658,-1.81781854,7.844880914,4.962892537,-1.81781854,-1.81781854,-1.81781854,4.281471326,4.087073276,5.094710868,4.718451716,4.231975401,0.000603355,1.64e-05,4.874606349,0.001247902,-1.81781854,-1.81781854,4.282120656,5.399916389,0.003172118,-0.140586507
11,1.438731372,0.701865327,-1.84924356,0.572871602,1.25163822,0.774261423,1.730549567,0.03700416,0.035071598,6.549148504,8.003077503,5.229561393,4.71033806,-1.81781854,4.062196289,6.085354128,3.908007814,-1.81781854,6.140635989,3.923787937,0.001341393,0.004767424,5.018873987,0.005831137,4.125265695,5.478240711,5.079521621,5.937814531,0.087382171,-0.430328956
4,1.576728472,0.93866805,-1.44315497,0.600972896,1.027349608,0.938369597,1.63405577,0.0,0.042379568,-1.81781854,7.595836237,4.924231428,4.808589311,-1.81781854,-1.81781854,5.674321697,3.998105512,-1.81781854,6.061926374,4.11923295,0.001930344,0.000652271,4.991726382,0.007327036,5.697733534,5.627468748,4.458853879,5.380294003,0.006578747,-0.182047078
7,1.251064135,0.890452318,-1.277283833,0.62324929,0.462397998,1.194111774,1.565282041,0.024179542,0.02636037,5.058783736,7.953593125,4.906312594,5.262246703,6.256118769,4.794487306,6.46623428,-1.81781854,-1.81781854,6.748759927,4.18034907,0.000279479,0.000124594,5.000304925,0.001802358,5.607376298,5.686586171,4.729972243,5.835365567,0.006623041,-0.765154598
12,1.4449861,1.694089969,-1.172501492,0.612253906,0.792391689,1.041708421,1.773948398,0.075512363,0.054666615,4.155377671,8.084483973,-1.81781854,6.493343197,-1.81781854,-1.81781854,-1.81781854,-1.81781854,-1.81781854,5.135853401,4.765381613,0.001822864,0.002104838,4.115077865,0.006150012,-1.81781854,-1.81781854,4.318772271,6.25965399,0.049953693,1.34564954
3,0.92744197,0.790470245,-1.733180545,0.612783857,0.505149978,1.355681346,1.572901444,0.018777826,0.048586347,-1.81781854,7.943177545,5.19778295,4.84536726,-1.81781854,4.301379748,4.130983629,3.943170351,-1.81781854,5.997164603,4.065313298,0.00056303,0.000128991,4.362100771,0.001899568,4.296356327,5.558062971,4.038887938,5.383618304,0.003703519,-0.735932766
13,1.407531539,0.816160401,-0.966918185,0.636487896,0.826074803,1.615402896,1.647166307,0.236237761,0.024230421,-1.81781854,7.752161929,-1.81781854,5.30108848,-1.81781854,4.649730908,-1.81781854,-1.81781854,4.951788172,5.875305944,4.164895323,0.001798542,0.001989607,-1.81781854,0.005307192,-1.81781854,5.826908716,3.579152575,5.148465345,0.000678355,0.244958561
14,1.441005529,0.817429838,-1.089322245,0.627365857,1.06069784,1.370411304,1.775988516,0.039228341,0.049508578,-1.81781854,7.790589994,5.002854104,5.119657218,-1.81781854,-1.81781854,-1.81781854,-1.81781854,5.609079754,4.912866208,4.017687968,0.000797076,0.000372149,-1.81781854,0.008632228,-1.81781854,-1.81781854,-1.81781854,4.617217743,0.000825348,0.138705299
15,1.581439042,1.063105454,-1.548213564,0.593235655,0.993414185,0.383725626,1.67318429,0.022646195,0.040666526,3.916256615,7.999901946,4.976240462,4.713239039,-1.81781854,4.806474901,4.49162115,4.338294154,-1.81781854,5.048925465,4.53955887,0.000474569,0.000952323,4.823085251,0.004348797,4.623521656,4.799937016,4.204100686,5.813865303,0.008045641,0.470427312
11,1.35490884,0.657188799,-1.952141273,0.581494542,1.25163822,0.575764981,1.586636582,0.190440867,0.024540541,-1.81781854,8.186124735,4.320654833,4.768920772,-1.81781854,-1.81781854,3.975196844,-1.81781854,-1.81781854,5.395328318,4.066327915,0.000247979,0.003810924,4.98194797,0.054517472,5.94914919,-1.81781854,3.923805345,4.6460713,0.073549476,-0.500940297
3,1.051041908,0.96060894,-1.895683635,0.62324929,0.633468456,1.263458528,1.601438125,0.069547846,0.047356197,5.012311957,8.103636529,5.421100725,5.220376432,-1.81781854,4.306046008,-1.81781854,4.099726522,5.02353705,5.00498679,4.036277336,0.00040732,0.000206144,4.798315811,0.005102276,4.173683057,5.25046241,4.600026408,5.98643097,0.000910794,0.09235974
13,1.202471833,1.1478704,-1.447027763,0.603150329,0.663552053,1.474420247,1.626941799,0.002625571,0.053131421,4.879901713,7.818477822,5.084516466,3.974374824,-1.81781854,4.273765883,3.60812865,3.859710201,-1.81781854,5.620217775,4.168312137,0.000888333,0.000186702,4.82803177,0.002073416,6.372078748,5.494962308,4.085338493,5.408372813,0.020142598,-0.090234321
2,1.3901815,0.824348784,-0.718637058,0.63748973,0.951823035,1.199549497,1.707046578,0.226351776,0.03423845,-1.81781854,7.805224894,5.645960312,5.283129441,-1.81781854,4.664400875,5.173218217,4.480615793,-1.81781854,5.929943658,3.922488981,0.000824037,0.008743262,4.737143989,0.01088906,7.547612008,5.95353689,4.17884509,4.947918693,0.05618465,-0.175458666
6,1.142983086,1.194214395,-1.094285052,0.622731965,0.822821645,1.194611458,1.692106093,0.176236044,0.035239279,-1.81781854,7.951624163,5.698502824,5.358990807,-1.81781854,4.234664208,4.550921837,3.814331042,-1.81781854,5.904629438,3.982574621,0.000991809,0.000504891,5.00546265,0.000967621,7.581403694,6.000594057,4.128509738,6.078004518,0.000661991,-1.165521135
16,1.450932046,0.595545821,-0.951461093,0.61436984,0.838849091,1.229297794,1.720105861,0.23115703,0.116962866,-1.81781854,7.776244324,5.008100821,5.696734471,-1.81781854,4.213279381,4.025027404,4.765158579,-1.81781854,5.686809681,4.037588347,0.000509712,0.000256027,4.279047621,0.012462146,5.392293204,6.070424274,4.364377694,5.815740077,0.009397199,-0.162806795
17,1.100355207,0.718042655,-2.289459552,0.572290606,1.329397879,0.819412311,1.833988101,0.031635739,0.012589776,-1.81781854,8.174117557,4.703358315,5.021746427,-1.81781854,4.424770916,5.622108435,4.493962933,-1.81781854,6.569094507,4.755686301,0.002420382,0.004683348,4.944682463,0.023609208,-1.81781854,5.538139195,5.104236309,5.696999213,0.112016418,0.426978268
9,1.477257602,1.051392959,-1.057669448,0.622214023,0.785329835,1.273564447,1.58759727,0.10845693,0.188029889,-1.81781854,7.480190132,-1.81781854,4.686209425,-1.81781854,-1.81781854,-1.81781854,4.043164879,-1.81781854,5.424625454,3.867702364,0.429820113,0.683322964,4.729381607,1.466963224,-1.81781854,5.181093105,3.514879436,6.032316237,2.580542956,0.034297248
7,1.381381354,0.664178528,-1.449710483,0.621176282,0.752048448,0.735958002,1.65474196,0.275700339,0.015807465,-1.81781854,7.734645359,-1.81781854,5.233724524,-1.81781854,-1.81781854,-1.81781854,-1.81781854,6.376199602,6.361944685,4.603506801,0.008018232,0.000523362,4.617496248,0.013053503,-1.81781854,5.095238099,3.960890615,5.355233685,0.009155359,0.022813229
5,1.262916461,0.928386378,-1.752886358,0.592176757,0.973127854,0.998455511,1.631297271,0.067988962,0.027219106,-1.81781854,7.958163598,5.120917656,4.003514552,-1.81781854,-1.81781854,5.059068116,4.387253028,-1.81781854,5.907141274,4.633721675,0.351919725,0.001379331,4.820099917,0.064683136,5.598646575,-1.81781854,4.456801315,5.894275562,0.035727546,0.749406902
6,1.382138304,0.72302568,-1.275683161,0.624282096,0.633468456,1.483936589,1.676224364,0.006894969,1.810620986,-1.81781854,8.025469714,5.481887044,5.734582353,-1.81781854,-1.81781854,5.155594841,4.281995343,-1.81781854,6.113531974,4.59402788,0.439490699,5.770452958,-1.81781854,2.226385961,5.77981754,6.125980495,5.1394575,6.031701725,1.087656697,0.336849456
3,0.919784946,0.747334887,-1.88008459,0.612783857,0.602059991,1.429081754,1.617447466,0.015965369,0.049924415,-1.81781854,7.944476177,5.134984418,4.499833755,-1.81781854,-1.81781854,-1.81781854,-1.81781854,-1.81781854,5.292886252,4.123830265,0.000552609,0.000149766,4.353097554,0.000692896,-1.81781854,5.048159143,3.737153414,4.696252422,0.000755345,-1.0450514
13,1.251378783,0.569108687,-1.383892243,0.619615006,0.819543936,1.627135333,1.624300251,0.066244191,0.029046682,-1.81781854,7.75639115,-1.81781854,4.638465519,-1.81781854,4.601992677,-1.81781854,4.283257818,-1.81781854,6.404141472,4.188624481,0.000741223,0.000157582,4.208651374,0.022562754,-1.81781854,5.522698632,-1.81781854,4.392936388,0.007425305,-0.101667942
9,1.700081764,1.266548127,-1.05527064,0.622214023,0.889301703,1.349598029,1.817927065,3.16e-05,0.063154045,-1.81781854,7.231465306,4.985539294,5.672676836,-1.81781854,4.010777145,-1.81781854,-1.81781854,-1.81781854,5.471842816,3.845177886,0.001479953,0.000318534,4.597265831,0.003905122,4.501550445,5.543110133,3.655449396,5.44154153,0.094084584,0.559438453
13,1.265117241,0.970430333,-1.048686771,0.629409599,0.77815125,1.713381326,1.672151587,0.049137544,0.056152437,-1.81781854,8.101098045,5.460294517,5.117212002,-1.81781854,-1.81781854,4.248919498,4.245977421,-1.81781854,6.153959215,4.541608933,0.001368815,0.000515152,4.927034609,0.002091816,5.084825841,5.35201311,4.12416619,5.69823974,0.162677742,-0.337714322
15,1.297757667,0.760446987,-1.557206774,0.595496222,1.217483944,1.067219689,1.751673909,0.028806336,0.106054287,-1.81781854,7.818596373,5.360105196,4.472511567,5.932474263,4.512819004,5.376964632,5.389306079,5.222280787,6.18263378,4.069987874,0.000705136,0.002566198,4.183574423,0.037201235,5.354218455,5.399916627,4.39490837,4.932755258,0.015387546,0.916891144
7,1.146983683,0.700268772,-1.527243551,0.602059991,0.62324929,0.659060072,1.61837448,0.363960533,0.013906199,-1.81781854,8.04766973,-1.81781854,5.788924569,4.917510851,-1.81781854,4.125336684,-1.81781854,7.056801022,6.751793535,4.973457312,0.000458552,0.000882407,5.038149897,0.023980081,4.982783042,4.962844029,4.407669495,5.131023564,0.097367293,0.433419052
17,1.442581119,0.723623528,-1.497163361,0.591064607,0.892094603,0.689930104,1.652064751,0.018764613,0.0265868,-1.81781854,8.139305214,5.182925172,5.335973715,-1.81781854,4.259533248,5.135588314,4.399141181,-1.81781854,6.213877204,4.635181008,0.000266604,0.001229993,4.439934133,0.009963592,4.684569758,5.364752566,4.599449771,5.565761762,0.004025137,-1.306380243
8,1.432740906,1.025102601,-1.135533419,0.625826713,1.083681747,1.526723639,1.783936436,0.20634897,0.052642472,-1.81781854,7.618741963,5.283693626,5.676982879,-1.81781854,5.000957251,4.940025379,4.556973505,-1.81781854,5.474163648,3.633869598,0.000885547,0.010282965,4.75194159,0.010027552,4.363316265,5.569554,4.19066668,4.23017979,0.33635007,0.628235409
13,1.193892565,0.523234504,-1.403512866,0.620136055,0.612783857,1.481234748,1.609081383,0.037535609,0.079189482,-1.81781854,8.16365501,5.280609349,5.31055907,-1.81781854,-1.81781854,-1.81781854,4.544542204,-1.81781854,6.191450454,4.607388695,0.000743363,0.000227217,4.874126714,0.002155777,6.014182919,5.8688979,4.340030301,5.54328369,0.028090567,-0.182881525
10,1.230061588,0.596483285,-2.402853512,0.636487896,0.911157609,1.709456532,1.732388894,0.19120076,0.021208923,-1.81781854,7.545590102,4.399860467,5.49141403,-1.81781854,-1.81781854,4.433519008,-1.81781854,4.622072218,5.954348455,4.071165767,0.003286291,0.000324824,-1.81781854,0.013404029,6.295164011,5.755534453,4.026144134,5.539675802,0.000497379,0.05815216
16,1.332197814,1.103641087,-0.908667244,0.616475514,0.832508913,1.461528539,1.752627672,0.312744692,0.041181315,-1.81781854,7.808130885,5.145027653,5.214633179,-1.81781854,4.532738119,4.4515494,4.776385288,-1.81781854,6.444582839,3.867573345,0.001240996,0.000716229,4.824292171,0.001994736,6.648460843,6.025626302,4.111906546,-1.81781854,0.000286377,-0.314852389
2,1.410428477,0.861646405,-1.083019953,0.625312451,0.995635195,1.177550928,1.745686786,0.038950929,0.187456008,5.182935135,8.009517786,5.535574616,5.718889761,5.527472305,5.174405379,5.559077608,-1.81781854,-1.81781854,6.174111002,5.825180237,0.002700582,0.086757266,4.922584192,0.00541378,6.319387876,6.12861692,4.769671969,5.802600461,0.223452621,-0.088505558
7,1.416573444,0.804810468,-0.787998942,0.622214023,0.62324929,0.51355052,1.622469446,0.173437165,0.07306414,4.235801909,7.974492473,4.873790314,3.862047713,8.321958479,5.561553651,5.875744977,3.652473916,6.399201265,5.990239159,4.331144957,0.003376227,0.000671482,4.992763177,0.000224199,5.683234881,4.90595474,3.264695553,5.247217828,0.033947799,0.17288745
9,1.437218385,0.589683808,-1.292387248,0.631443769,0.829303773,1.259115844,1.696278873,0.138720185,0.099059494,-1.81781854,7.796193343,5.25725179,5.488461295,-1.81781854,4.233841557,4.114891302,4.391049415,-1.81781854,5.735995887,4.44330049,0.001691444,0.00030422,4.716755578,0.01624603,-1.81781854,5.654591617,3.969443903,5.114455377,0.035505011,-0.063158959
2,1.235087237,1.057229118,-1.22738495,0.617000341,1.139879086,1.133187499,1.743152932,0.091821778,0.074570093,-1.81781854,7.770237683,4.814461161,5.549445609,-1.81781854,4.255927027,3.704694653,4.456680617,-1.81781854,5.686753449,4.360270627,0.001736166,0.00347619,4.905963445,0.008451151,6.28286963,5.298300265,3.876189593,5.803401086,0.078779967,0.233436904
13,1.422806523,-1.28504189,-1.236984033,0.622214023,0.681241237,0.658821959,1.698425318,0.158478217,0.056152437,5.667169206,7.56203823,4.37475327,5.795968681,5.791550991,4.59178209,4.50918503,5.313859659,6.497878959,6.65372998,4.807910032,0.002932164,0.003112962,3.316025279,0.016101808,5.202261788,5.579440616,4.236368183,5.521193132,0.017295498,1.047350916
6,1.298367006,0.921967506,-1.263444153,0.613675363,0.702710497,1.259725246,1.663754426,0.067323517,0.12394313,-1.81781854,7.837040287,4.938180354,5.298448048,-1.81781854,4.208176698,-1.81781854,-1.81781854,-1.81781854,4.599896997,4.219569663,0.000428055,0.000246883,4.270822306,0.014051697,-1.81781854,4.603044979,3.819000269,5.516634653,0.085551144,0.289183165
16,1.329645672,0.57138095,-1.591420875,0.62324929,0.919078092,1.760693833,1.751553762,0.119747136,0.051707706,-1.81781854,7.584965407,4.855207214,4.888141111,-1.81781854,-1.81781854,-1.81781854,4.164937324,-1.81781854,5.857143253,3.744827676,0.00131652,0.000645935,4.488115877,0.005164351,6.521855104,5.808207318,3.317286581,-1.81781854,0.10721761,-0.2358383
15,1.808054247,1.127314441,-1.486183327,0.58669249,1.126886138,0.101918834,1.727236905,0.000605311,0.052105788,-1.81781854,7.454964737,4.820060605,4.692355828,-1.81781854,4.580808534,4.321803218,-1.81781854,-1.81781854,5.226282323,2.967150629,0.001328271,0.003533123,4.837290567,0.021494081,4.60997984,4.506595122,4.328714314,5.547716592,0.036321926,0.594230732
5,1.6054372,0.899331509,-0.923887729,0.592176757,1.361727836,0.807399713,1.823177751,0.175914091,0.013484617,6.219889143,8.032504638,5.272007537,5.348402519,-1.81781854,4.239243224,4.944874649,4.595078204,-1.81781854,6.761486617,3.855417517,0.283857626,0.064072967,3.961072742,0.118172481,5.290707207,-1.81781854,3.814404868,5.62673788,0.029451674,0.164264318
17,1.230657716,0.645266505,-2.077793723,0.5774918,1.338456494,0.261381837,1.802754404,0.120368981,0.032034271,-1.81781854,7.991864113,4.738953815,4.412461187,-1.81781854,-1.81781854,5.680837607,4.622636602,-1.81781854,5.518183099,4.56404912,0.001343493,0.002956671,4.619525751,0.0167864,4.419797662,-1.81781854,4.540489933,5.802777063,0.058020777,-1.202857531
8,1.221293845,-1.586071886,-1.220872685,0.645422269,1.045322979,1.43395375,1.628182361,1.148588309,0.046789296,-1.81781854,7.749751734,-1.81781854,4.875877722,-1.81781854,3.943964748,-1.81781854,4.184650592,4.734461913,6.456420158,4.511057374,0.002003901,0.000691829,4.970369449,0.017978101,5.786221845,5.662190853,3.244091907,5.887566751,0.014449737,-0.24272235
5,1.272617997,0.720740868,-1.70038376,0.592176757,1.086359831,0.838754669,1.673070604,0.024273898,0.145406665,6.313264875,7.977951709,5.213680679,4.444390153,-1.81781854,4.650941176,6.232524833,-1.81781854,5.225069506,5.987410988,4.860169625,0.004184351,0.157784835,6.080029534,0.013827122,6.214555125,5.213771368,4.51083896,5.969697715,0.033942014,-0.097426282
5,1.610932363,0.910649213,-1.265480193,0.605305046,1.115610512,0.211921084,1.695671332,0.072161882,0.066350073,-1.81781854,8.023369273,-1.81781854,5.008991552,4.920180501,-1.81781854,5.61890668,4.603588181,5.680761243,6.579385518,5.019895568,1.005028729,0.160683567,4.923443743,0.0436884,4.702038276,-1.81781854,4.683706671,5.920970495,0.134925416,-0.484408318
6,1.297838065,1.120481798,-1.279014256,0.607586364,0.699382822,1.078801072,1.729505105,0.23278487,0.049016325,-1.81781854,7.542492216,-1.81781854,6.169750244,-1.81781854,-1.81781854,-1.81781854,4.246521834,6.002300152,5.169026519,3.645237301,0.00218251,0.000705798,4.830336609,0.00546352,-1.81781854,-1.81781854,3.244320526,6.116730393,0.119558121,-0.113106943
6,1.288636273,1.281617793,-1.430158101,0.625312451,0.903089987,1.337768648,1.75056343,0.149140833,0.037639884,-1.81781854,7.599227168,-1.81781854,5.411975772,-1.81781854,-1.81781854,-1.81781854,4.312503119,4.680666271,5.728236031,4.223321912,0.001535674,0.000649849,4.5878023,0.026340986,-1.81781854,5.133828163,4.136533702,4.759265143,0.073565533,0.084457326
15,1.40987972,1.011265866,-2.064492734,0.580924976,1.070037867,0.61589747,1.655952934,5.5e-09,0.048485385,-1.81781854,7.663856033,4.797708786,4.256732545,-1.81781854,4.33376617,5.409301359,-1.81781854,-1.81781854,5.893528669,3.747500503,0.002214426,0.002389135,4.794413091,0.119276464,5.116826526,4.627137464,4.022184302,5.685695478,0.02313903,-0.471560722
18,1.414173761,1.14700133,-1.567672208,0.651236327,1.099772807,1.710083501,1.857795883,0.020286124,0.224909062,-1.81781854,7.899553506,5.590190364,4.807618793,5.667534996,5.039387575,-1.81781854,5.448770634,5.336536375,6.376374588,4.798083036,0.001462145,0.010676771,4.401555999,0.00468558,5.78545566,6.055209463,4.311235545,5.416898615,0.007783867,0.076979526
4,1.592172814,0.882807904,-1.375511637,0.589949601,1.031408464,0.724767246,1.653248607,0.000185279,0.0597586,4.605002525,7.561052884,5.03235632,4.659240849,-1.81781854,-1.81781854,4.296117654,3.734733944,4.715380416,5.24947083,4.098577607,0.001301087,0.000332669,4.925805024,0.039267009,5.059008377,5.26536924,4.195295441,5.865216858,0.020555587,0.066018826
6,1.457575816,0.777162105,-1.75325529,0.625312451,0.740362689,1.605784338,1.751790793,0.088335143,0.044126457,-1.81781854,7.720549321,4.179553365,5.644348204,-1.81781854,-1.81781854,-1.81781854,4.259277106,5.237510888,6.29987567,3.796299141,0.003455582,0.000588815,-1.81781854,0.015570863,5.242889331,5.242688715,4.394502586,4.787505048,0.01800568,-0.331552824
12,1.494400833,1.123561252,-1.017073296,0.617000341,0.826074803,1.598697512,1.783931793,0.075207413,0.071106557,5.027923796,7.99845847,5.247236469,5.743188295,-1.81781854,-1.81781854,-1.81781854,-1.81781854,5.778358976,6.445874166,4.46953285,0.003111784,0.000771897,-1.81781854,0.00651404,5.291905286,6.08557729,4.560314698,5.967840327,0.048892288,0.871757402
5,1.717434614,0.942737303,-1.650625326,0.584896344,0.968482949,-0.45038376,1.6257254,0.127110497,0.037319631,5.834023994,7.678672491,4.597689894,4.43911989,-1.81781854,4.471187615,5.326435403,3.811854668,-1.81781854,5.893649554,4.471815726,0.642796628,0.001554462,4.571481595,0.099971603,-1.81781854,-1.81781854,4.21129401,5.414022207,0.004823727,-1.069290689
5,1.508839473,0.751451555,-1.563996464,0.599883072,0.926856709,0.844539302,1.704218145,0.117560035,0.0191178,5.269517025,7.634058711,4.673847118,3.379038033,-1.81781854,-1.81781854,4.537830014,3.701991836,-1.81781854,5.422155205,3.763814554,0.120200993,0.005817417,4.338125632,0.016135825,-1.81781854,-1.81781854,4.493597317,4.668226131,0.048305717,0.076116684
9,1.323243744,-1.586071886,-0.98682559,0.60368555,0.69019608,1.221075017,1.605681469,0.004191485,0.044511275,-1.81781854,7.568270369,5.128178745,4.780851771,-1.81781854,4.445078009,4.428143687,3.871731158,-1.81781854,5.727585406,3.664177438,0.001473813,0.00121666,4.754424801,0.007034425,5.022433233,5.606546672,4.139707921,5.552193383,0.025724757,-1.005601205
15,1.4086454,1.159228558,-1.181840114,0.599883072,0.926856709,1.046651217,1.732251022,0.1004462,0.131021734,-1.81781854,7.73036755,4.40266757,5.312913899,-1.81781854,-1.81781854,-1.81781854,4.609272429,-1.81781854,5.020705171,3.882671659,0.001118412,0.00064295,3.23228822,0.018710894,-1.81781854,-1.81781854,4.330636797,5.772759422,0.009707896,-0.418709033
15,1.586401002,0.752145289,-1.353155341,0.588831726,0.897627091,0.730943693,1.692154227,0.156340735,0.063262214,6.596329714,7.608803971,-1.81781854,4.782352545,-1.81781854,-1.81781854,-1.81781854,-1.81781854,-1.81781854,5.221292344,4.367849766,0.004156902,0.00246638,-1.81781854,0.269737733,-1.81781854,4.672091585,4.108385308,5.08628663,0.012242626,-0.192675244
6,1.537091704,1.045286982,-0.930498402,0.610660163,0.744292983,1.152013,1.741007178,0.506307192,0.065727884,-1.81781854,7.921241482,-1.81781854,5.479917824,-1.81781854,-1.81781854,-1.81781854,4.043490555,-1.81781854,5.522564676,4.324269575,0.00230653,0.000346119,4.403916579,0.007790277,6.886110562,5.577126564,4.198072397,5.982010872,0.089162003,0.87872975
8,1.232035919,0.897566066,-1.471854922,0.674401813,1.457881897,1.503790683,1.84788408,0.061658634,0.033720665,-1.81781854,8.027299444,5.698125365,6.036214013,-1.81781854,5.545777001,5.040872351,4.7775929,-1.81781854,6.831907302,4.916119243,0.021101929,0.000759664,4.961176414,0.005981688,7.527419466,6.512147993,3.56739266,5.051664454,0.063901887,-0.955883254
19,1.563480571,1.025488592,-1.094879014,0.629409599,0.956648579,1.413760643,1.784420033,0.051572522,0.096169551,-1.81781854,7.485361532,4.848705149,5.747575702,-1.81781854,-1.81781854,4.302037939,-1.81781854,5.777410809,5.002965206,3.810780084,0.001271659,0.000425654,4.012018495,0.006227367,-1.81781854,5.029004232,-1.81781854,5.00532569,0.039135242,0.338239978
16,1.256045946,0.929305739,-1.46654571,0.617000341,0.720159303,1.406812593,1.655950248,0.340860189,0.025317794,-1.81781854,8.100275096,5.546310523,6.01385206,-1.81781854,4.068120792,4.450315252,5.348628437,-1.81781854,6.899362037,4.164082323,0.00342715,0.025926361,4.916904184,0.011899646,7.74431868,6.804515853,4.00975835,6.27668791,0.226883477,-0.046425553
19,1.203988181,0.631475224,-1.467500414,0.625826713,1.025305865,1.364588514,1.762962113,4.4e-05,0.066273953,-1.81781854,7.353168305,4.915807096,5.188257232,-1.81781854,-1.81781854,-1.81781854,-1.81781854,-1.81781854,5.132132509,4.209258891,0.000873965,0.000200129,4.64617626,0.014093669,-1.81781854,4.728585974,3.740466928,5.412936488,0.137167018,-0.743926285
11,1.765862678,0.484726093,-1.283913146,0.576916956,0.740362689,0.946353997,1.701038263,0.204423231,0.025947218,4.463671195,7.665080557,4.851535342,-1.81781854,-1.81781854,-1.81781854,4.756801491,3.963868663,-1.81781854,5.489232988,3.730194084,0.007143882,0.004004883,4.395840506,0.04239419,3.731971772,-1.81781854,4.59693968,4.674442659,0.11309979,1.024458183
16,1.462056718,0.829510255,-0.966596351,0.621176282,0.788875116,1.606752077,1.86700941,0.058925197,0.108657161,-1.81781854,7.885550845,5.206212238,5.690340095,-1.81781854,3.980592981,-1.81781854,-1.81781854,5.63550596,5.533464846,4.59858555,0.001005822,0.000117505,3.826408766,0.002768258,6.28325706,5.569869645,3.93693283,5.621169127,0.080093778,0.719215901
18,1.523154435,0.933829325,-0.807906683,0.632963168,1.108903128,1.464765179,1.85537261,0.242966821,0.189548658,-1.81781854,7.57262127,5.117166917,5.610744819,-1.81781854,4.79537877,-1.81781854,4.849630347,-1.81781854,5.795094352,4.237653,0.002236717,0.000685204,3.67296113,0.007891365,5.250540209,5.621343637,3.951334715,5.804819978,0.691052661,0.580687818
19,1.287310857,0.874790469,-1.002832129,0.604226053,0.763427994,0.830579046,1.737073036,0.060364305,0.253361637,-1.81781854,8.001589761,5.154296721,6.38327941,5.320813999,5.003731691,-1.81781854,5.007270967,-1.81781854,6.033290019,4.449963561,0.000610913,0.001903912,4.855867517,0.018039691,6.837794154,6.050680284,3.981222092,6.180101947,0.012479776,0.271627285
6,1.498251679,0.685432698,-0.782016247,0.604226053,0.744292983,0.96082739,1.801178752,0.074144924,0.179239853,-1.81781854,8.012402769,5.257849434,6.470380802,-1.81781854,4.801300253,-1.81781854,4.611384027,-1.81781854,5.325489358,4.641573397,0.000267864,0.000429825,4.656801805,0.003591227,5.362173256,5.760513625,4.042865311,6.414915227,0.005806046,0.729345784
16,1.436269418,1.200271965,-0.821195654,0.612783857,0.860338007,1.309725957,1.827950916,0.339330364,0.094100233,-1.81781854,7.458793832,4.886646708,5.381592973,-1.81781854,-1.81781854,-1.81781854,-1.81781854,5.337960544,5.513738433,3.869240923,0.001116995,0.000978154,3.734036653,0.002146431,6.414539135,5.478784543,3.423518893,4.20502135,0.000603044,-0.096972098
8,1.1686919,0.84987773,-1.540004744,0.640978057,1.043362278,1.311319349,1.634596861,0.017639369,0.026396869,-1.81781854,8.169900456,5.961376371,5.649918628,-1.81781854,4.76914168,5.100024303,5.007738386,-1.81781854,6.291072113,4.113276112,0.001188963,0.001218443,4.425589285,0.016934924,6.413113679,6.612249301,4.863436796,5.93449055,0.000455309,-1.38157196
5,1.17705808,-1.586071886,-0.916730356,0.606918526,0.951823035,0.25139485,1.651549993,0.208202081,0.012431996,-1.81781854,8.123805126,-1.81781854,4.640214451,-1.81781854,-1.81781854,-1.81781854,-1.81781854,-1.81781854,5.661281174,4.199116276,0.340016425,0.746815451,4.743320276,0.006137903,-1.81781854,-1.81781854,4.341568292,5.223855682,0.032145121,0.134674329
8,1.362316472,0.753114043,-1.105960999,0.629409599,1.07371835,1.413869507,1.74984194,1.049644568,0.423770854,-1.81781854,7.478158912,5.143165426,5.794529911,-1.81781854,4.84554591,-1.81781854,3.943436233,-1.81781854,5.514761864,4.24539391,0.031311601,0.001834072,4.572206789,0.032826529,3.970053516,4.871333406,5.035389641,5.460212676,0.013830401,-0.123760373
10,1.165629024,0.815485102,-2.49825627,0.610660163,0.681241237,1.460078071,1.670171237,0.127006857,0.042395228,-1.81781854,7.818665103,5.257399298,5.404790512,-1.81781854,4.285605463,3.913011868,4.633285123,-1.81781854,5.816344457,3.96188692,0.001208926,0.010010114,4.588626097,0.008232521,7.640929672,5.967099285,4.229904785,5.745004956,0.063552308,0.173431773
8,1.460914222,0.748122878,-1.877129077,0.635483747,1.017033339,1.461145726,1.811043676,0.098372981,0.044651614,-1.81781854,7.814636077,5.637438689,5.96020426,-1.81781854,4.598786163,5.068049454,3.81199394,-1.81781854,6.295235391,4.351191237,0.001680923,0.000991106,-1.81781854,0.002420058,-1.81781854,5.128657681,3.819345959,5.171580139,0.029629682,0.248072642
18,1.43252379,1.105999895,-1.055492653,0.62324929,0.956648579,1.149603955,1.83695857,0.065601003,0.096380681,4.554554391,7.835973252,4.326300894,6.051644148,-1.81781854,-1.81781854,-1.81781854,-1.81781854,6.490052897,5.504278274,4.177155627,0.001856275,0.002131281,3.812420412,0.007994866,-1.81781854,4.395273967,4.090763126,6.008257988,0.032620719,-0.115259902
3,0.950473901,1.025124325,-1.607654845,0.62324929,0.591064607,1.370846038,1.622890798,0.002143624,0.026684145,-1.81781854,7.803772921,4.969619042,5.257032169,-1.81781854,-1.81781854,3.512958007,4.245014068,-1.81781854,4.8914096,3.849966041,0.000596614,0.000350447,4.802717163,0.003403739,5.8592984,5.498483543,4.172253273,5.593179565,0.004799728,-0.071359608
1,1.342214169,0.858427106,-1.279344643,0.583198774,0.956648579,0.787141544,1.623512734,0.02709936,1.487308823,-1.81781854,7.88544366,5.457591996,4.653279872,-1.81781854,4.800053429,5.356943068,4.384875774,-1.81781854,6.375943301,3.765075415,3.567575906,40.92665991,4.531610539,0.00786899,5.404495493,-1.81781854,4.736612536,4.933033858,2.931368836,-0.061159467
20,1.442255116,0.946907446,-1.067450139,0.602059991,0.759667845,1.191660565,1.778026373,0.167916629,0.057774548,-1.81781854,8.063589423,4.826936894,6.221356734,-1.81781854,-1.81781854,-1.81781854,-1.81781854,5.889363702,5.785797703,4.836182305,0.000867757,0.001583695,4.109476567,0.010323925,5.933038276,5.429842744,4.227052544,6.270700017,0.061329762,-0.044326028
4,1.550307864,1.030397503,-1.012937341,0.593286067,1.06069784,-0.843148099,1.855940677,0.192555254,0.053005441,-1.81781854,7.818853194,5.43026296,5.710007781,-1.81781854,4.139181821,-1.81781854,4.222902019,-1.81781854,5.55419681,4.349087843,0.001484226,0.043713913,4.823204758,0.02178232,4.012734044,5.148022625,4.766028517,5.115846312,0.043477182,0.280108933
3,1.04062271,0.828647654,-1.410497204,0.62324929,0.596597096,1.348859549,1.615681926,0.030036954,0.049184833,5.476684023,8.058217724,5.030455787,5.146976002,-1.81781854,-1.81781854,-1.81781854,4.2571181,4.868996628,5.658675163,4.071887369,0.000296438,0.00010639,4.722366519,0.005018277,4.080745595,5.461262167,4.660429558,5.90544795,0.001125923,0.355506187
9,1.514705106,-1.586071886,-1.075074923,0.624282096,0.991226076,1.445510797,1.5221749,0.205831456,0.044891231,-1.81781854,7.672101248,4.354557138,4.81189238,-1.81781854,4.325721735,4.22950951,-1.81781854,-1.81781854,6.149335699,4.51764062,0.001788339,0.000661624,3.654698461,0.004705528,7.34524864,5.52522368,4.082726792,4.326376923,0.00993903,0.258097992
12,1.554665447,1.204032979,-1.127173857,0.633468456,0.989004616,1.239149265,1.827007922,0.21219103,0.147664648,-1.81781854,7.56358515,5.133840742,-1.81781854,5.612299463,-1.81781854,5.013787363,5.035688843,-1.81781854,6.083271059,3.871942194,0.001179599,0.000145366,4.755818254,0.0144396,4.332990291,5.857752867,3.871932352,5.296476898,0.316632719,0.103597442
6,1.354835945,1.056415423,-1.431974377,0.622214023,0.748188027,1.242690474,1.687702689,0.098098858,0.113885793,-1.81781854,7.760193754,5.082325544,5.4280159,-1.81781854,-1.81781854,5.21875408,-1.81781854,-1.81781854,5.664646118,4.47385204,0.001338933,0.000268746,4.271774044,0.030843441,5.637581149,5.68060442,4.962590907,5.173657013,0.07160809,-0.543955775
6,1.426134954,1.108187896,-1.234145253,0.600972896,0.591064607,1.35464617,1.721628289,0.168868904,0.046942448,4.732604062,7.597710057,-1.81781854,5.535558637,-1.81781854,5.170851926,5.386755121,-1.81781854,-1.81781854,4.654323437,2.969072202,0.007312394,0.000413823,4.63850095,0.00245685,-1.81781854,-1.81781854,3.980875715,5.434657878,0.046682953,-0.058113414
2,1.529471388,0.903407991,-0.920728285,0.641474111,1.147676324,1.487308099,1.81538267,0.160588056,0.061242871,4.38966214,7.641419434,-1.81781854,5.204785073,-1.81781854,-1.81781854,-1.81781854,-1.81781854,5.669794658,5.433971775,4.018293995,0.001797081,0.000883671,-1.81781854,0.00742241,3.810641013,5.342291592,4.187034804,5.503788611,0.048996265,0.48082203
21,1.402570524,0.90391328,-1.549827901,0.584331224,0.531478917,0.740678425,1.765000621,0.145561856,0.128455536,-1.81781854,7.650080043,4.717901881,6.051372483,-1.81781854,-1.81781854,4.705306736,4.25344188,-1.81781854,5.051861764,3.801632316,0.000195312,0.02049834,-1.81781854,0.03817373,5.774019523,5.585763765,4.298527208,5.753253346,0.010929472,-0.22895563
19,1.532180885,1.045716795,-1.069356559,0.624282096,0.980003372,1.167568385,1.759930306,0.356479811,0.053325977,-1.81781854,7.937360728,-1.81781854,6.188621954,-1.81781854,-1.81781854,-1.81781854,4.062243006,5.792096277,5.255844784,4.233495648,0.013344416,0.001100528,3.49518284,0.014060483,-1.81781854,-1.81781854,4.362092432,6.08146428,0.042274357,0.377594392
19,1.420506029,0.90115988,-0.987690152,0.609594409,0.951823035,1.17129809,1.756860043,0.138954345,0.047177027,-1.81781854,7.620286323,4.721600101,5.636785426,-1.81781854,4.369928656,4.048606614,3.956050261,-1.81781854,5.298955285,3.107132681,0.001651858,0.000765583,4.391944749,0.031281538,-1.81781854,-1.81781854,4.162875954,4.859297421,0.025986559,0.244402635
5,1.387733566,0.746355866,-2.026179676,0.595496222,0.991226076,0.683182171,1.628345141,0.355753093,0.038623191,6.76057924,8.013094952,4.871643268,2.993657846,-1.81781854,-1.81781854,-1.81781854,4.426976963,-1.81781854,6.504472201,4.445758482,0.384219259,0.010111612,4.539949272,0.091308546,5.181511764,-1.81781854,4.216665957,5.889637934,0.019201075,-0.466771674
6,1.353222132,1.264616561,-1.592524115,0.605843539,0.672097858,1.480833042,1.817851434,0.198273634,0.073270907,-1.81781854,7.458885451,-1.81781854,5.829009993,-1.81781854,-1.81781854,-1.81781854,-1.81781854,4.808812501,4.786076029,3.596465277,0.000974951,0.00074958,4.667121416,0.047688201,-1.81781854,-1.81781854,-1.81781854,6.092819912,0.090311058,-0.252203528
12,1.431986209,0.947479306,-1.140231442,0.603144373,0.72427587,1.136641309,1.790308814,0.092493543,0.12580095,-1.81781854,7.70012823,-1.81781854,5.521750033,-1.81781854,-1.81781854,-1.81781854,-1.81781854,6.144507133,5.488495454,4.086389984,0.002704842,0.013085824,4.233275761,0.012650697,7.596233693,4.728030518,4.363044751,5.640332995,0.019140805,0.148751764
20,1.375805308,0.62565656,-1.361560665,0.621176282,1.231724383,1.355997158,1.850034392,0.337795286,0.046742757,-1.81781854,7.788272754,-1.81781854,4.997842294,-1.81781854,-1.81781854,-1.81781854,-1.81781854,5.767347369,5.879914176,3.887228739,0.002237394,0.001090043,4.977860286,0.026137543,-1.81781854,5.400666015,4.26580063,5.58492626,0.0117376,-0.146116038
6,1.366631555,0.967380169,-1.218424123,0.615950052,0.826074803,1.091666958,1.737995901,0.088277858,0.176643157,-1.81781854,7.738614279,5.32812282,5.109453122,-1.81781854,-1.81781854,-1.81781854,-1.81781854,-1.81781854,4.586306695,4.183515086,0.00103902,0.001619858,4.242776112,0.016772676,-1.81781854,-1.81781854,3.88619322,4.793527952,0.095006546,-0.174727113
7,1.283887357,0.615744949,-1.423255646,0.614897216,0.748188027,0.94225615,1.656035594,0.067781031,0.04792505,4.978535348,7.914038471,5.159612278,5.691881697,6.374303237,5.309572836,5.160089975,4.463436377,4.616950006,6.350070622,4.147403976,0.002695967,0.000307262,4.907671832,0.001095183,5.876391373,5.636945069,4.105891998,5.76588538,0.045114311,0.645732599
18,1.49640202,1.084246768,-1.284707142,0.62065648,0.949390007,1.508812423,1.867019321,1.01e-05,0.103411036,-1.81781854,7.497669032,4.95013332,3.776973053,-1.81781854,-1.81781854,-1.81781854,-1.81781854,4.683602416,5.382253214,4.06865081,0.000524784,0.00018435,4.788604825,0.014320092,5.361235208,5.219207854,4.058260909,5.473042046,0.009401896,0.062902742
6,1.435767307,1.056816079,-0.966857823,0.605305046,0.707570176,1.211000332,1.715209195,0.03833823,0.152770172,-1.81781854,8.032061468,5.294083137,5.517841249,-1.81781854,-1.81781854,-1.81781854,4.466576331,4.937310431,5.38706008,4.64156707,0.000663213,0.000514358,4.650130738,0.004334292,5.564943727,4.875118011,4.604142273,5.766586862,0.039960627,0.03127291
16,1.447609695,-1.586071886,-1.306492891,0.63447727,0.826074803,1.689273333,1.768446363,0.145040524,0.056204614,-1.81781854,7.624190305,4.810407702,5.352438862,-1.81781854,4.874278552,4.438584821,4.551663629,-1.81781854,6.675951752,3.986934681,0.005972873,0.001400989,3.132856022,0.030097373,7.092499957,6.329043978,4.31472819,4.839483734,0.102764503,-0.013262404
12,1.565942338,1.154602737,-0.732241783,0.600428326,0.667452953,1.299997319,1.816669184,0.00681698,0.11297168,5.183954384,7.410677044,4.852660445,5.420163721,-1.81781854,4.185121705,-1.81781854,3.649244603,4.950128899,4.335034396,4.221222727,0.001465306,0.000163291,4.702054924,0.002471369,5.246468132,5.177782117,3.944795499,5.838046628,0.016721829,0.4823215
11,1.273433036,0.876003239,-1.396476733,0.591621038,0.954242509,0.948535216,1.681351652,0.091241007,0.079646214,-1.81781854,7.803748317,4.767068755,4.491807078,-1.81781854,4.315300716,6.118736719,-1.81781854,-1.81781854,5.666382382,4.336362307,0.00066743,0.0007403,6.007260389,0.022628319,5.959265047,4.979458075,4.150270847,4.983208268,0.028402918,-0.569656556
10,1.423025475,0.948375306,-1.505149978,0.611723308,0.921686475,1.420327134,1.729402047,3.384246329,0.272365676,-1.81781854,7.176384059,-1.81781854,-1.81781854,-1.81781854,-1.81781854,-1.81781854,3.646482197,-1.81781854,4.794979234,3.680040377,0.001099142,0.007889237,-1.81781854,0.003474157,-1.81781854,-1.81781854,-1.81781854,-1.81781854,0.936808157,0.322681596
12,1.40525077,1.142082123,-1.08662331,0.598790507,0.653212514,1.509585554,1.769954856,0.545599859,0.04559579,-1.81781854,7.818378582,4.625018525,5.519721173,-1.81781854,-1.81781854,-1.81781854,3.5681193,-1.81781854,5.518197428,4.496128245,0.001531732,0.000643004,4.771938179,0.033180131,-1.81781854,5.727807253,3.965477855,5.672657757,0.126150126,0.19526671
18,1.45114411,0.960371825,-0.763840769,0.622214023,1.029383778,1.202379321,1.764669684,0.006003814,0.136101378,-1.81781854,7.68362224,5.124101478,5.476202162,-1.81781854,4.189646639,4.681527276,-1.81781854,-1.81781854,5.359821117,3.819828107,0.000802492,0.000325282,4.884018017,0.00788205,5.191274349,5.285143681,4.088548067,5.569659757,0.023762483,-0.058624428
13,1.348845058,1.104185015,-0.964390177,0.615423953,0.716003344,1.487696799,1.673252054,0.196514376,0.214058345,-1.81781854,7.970140015,5.588739486,5.578007169,-1.81781854,-1.81781854,5.027074017,4.790081616,5.231341649,6.082288093,4.450028251,0.00200518,0.000194309,-1.81781854,0.003861454,5.390422462,6.117944865,4.008029512,5.655637075,0.048015675,0.059938349
13,1.449256567,0.913999447,-0.98021927,0.62065648,0.752048448,1.435486021,1.702601377,0.923055799,0.044878452,-1.81781854,7.868487443,-1.81781854,5.439952243,-1.81781854,-1.81781854,4.454040543,4.607029641,-1.81781854,6.431327492,4.301900027,0.000663775,0.002770724,4.834610239,0.053441796,4.82737986,5.695919534,4.420683194,-1.81781854,0.061637133,-0.187626765
2,1.433424901,0.79679212,-0.879393169,0.615950052,0.939519253,1.178314935,1.728143565,0.002949725,0.092715622,-1.81781854,7.467099521,4.934580432,4.826667189,-1.81781854,-1.81781854,-1.81781854,-1.81781854,-1.81781854,5.121837882,3.684898257,0.002490161,0.001910383,4.823122552,0.004632483,4.616595191,5.387533996,4.32981472,5.461346564,0.032288399,0.146352348
12,1.585574985,1.250620756,-1.012289057,0.605305046,0.694605199,1.341948646,1.839342081,0.186841319,0.061068728,4.779564041,7.503576786,4.707270841,5.280157564,-1.81781854,-1.81781854,-1.81781854,3.989520175,-1.81781854,5.162333433,3.321343909,0.00112569,0.001278383,4.118834886,0.007842845,-1.81781854,5.095353616,3.832521074,5.204594209,0.028983851,-0.264914956
6,1.606664209,1.247640425,-1.118615343,0.609594409,0.763427994,1.369976135,1.812091094,0.248670276,0.205838827,-1.81781854,7.637297308,4.857069692,5.949402868,-1.81781854,-1.81781854,-1.81781854,4.429867797,-1.81781854,5.453602762,4.017163689,0.00120842,0.000463644,-1.81781854,0.007198922,4.798239812,5.522390858,4.145392199,5.374458001,0.157600871,0.293484471
11,1.33866592,0.851742226,-1.027288159,0.57863921,0.939519253,0.419790586,1.63194586,0.017631234,0.017987861,-1.81781854,8.105525779,5.563906771,4.693018234,6.275717344,5.742867829,5.702083726,4.467074601,5.529656654,7.139664237,5.655298705,0.000714927,0.003884383,4.799204684,0.051404571,5.325395828,4.888712377,4.802500671,5.460347704,0.048065876,0.427883259
6,1.449329032,1.148137729,-1.103694293,0.607455023,0.812913357,1.233402278,1.698038139,0.181765798,0.140491334,-1.81781854,7.767339604,4.910579817,5.60996014,-1.81781854,-1.81781854,-1.81781854,4.674826061,-1.81781854,5.115465164,4.281150707,2.3947035,0.000522817,4.362848963,0.002994565,5.716945184,5.189573216,4.204263246,5.805521048,0.090923939,0.08194516
16,1.404817644,0.547724876,-1.488651485,0.622214023,0.84509804,1.491900725,1.701082132,0.561691826,0.04819077,-1.81781854,7.693771186,4.42045793,4.551890445,-1.81781854,4.068533565,-1.81781854,3.85381321,-1.81781854,6.734839381,4.292135219,0.001283708,0.000580083,4.083864671,0.002171287,6.793354068,-1.81781854,4.320372736,-1.81781854,0.194411368,0.245486879
16,1.302098023,0.891621075,-1.680373516,0.632963168,0.937016107,1.794142844,1.79704036,0.127419581,0.061615335,-1.81781854,7.540539778,5.337902837,5.150957123,-1.81781854,-1.81781854,3.451380439,3.965565808,-1.81781854,6.254437813,3.738680833,0.006788019,0.000640749,-1.81781854,0.003520147,-1.81781854,5.883713202,4.119532848,-1.81781854,0.107096968,0.19943193
10,1.319163232,0.996140043,-1.578478334,0.611549662,0.815344269,1.482373285,1.673593343,0.093351957,0.113732283,4.800575604,7.79117893,4.917464221,4.94048995,-1.81781854,4.796428182,4.275881739,4.707651806,-1.81781854,5.867146173,5.209487715,0.001376564,0.000110973,4.411450064,0.025580653,5.993750065,6.031920255,4.046806441,5.623754983,0.027029608,0.142671631
11,1.652214711,0.825860195,-1.129947418,0.574031268,0.86923172,0.932372282,1.648227214,0.104987144,0.038254755,-1.81781854,7.899061422,5.259349897,4.52176664,-1.81781854,4.366370235,4.389067906,4.364327225,-1.81781854,5.867326715,4.40100489,0.00815719,0.000659745,4.9197877,0.047260417,6.85212622,-1.81781854,5.067736243,5.639284161,0.070568841,0.090315145
19,1.290797297,0.830478959,-1.067196581,0.618571028,0.989004616,1.177146759,1.738818241,0.044237794,0.121708861,5.181224169,8.129662325,5.195449413,5.133266914,-1.81781854,-1.81781854,-1.81781854,4.86444107,-1.81781854,5.681072213,4.415129325,0.001306573,0.000547152,4.788499977,0.005599079,4.025934269,4.849762708,4.58630056,5.687971382,0.032254645,0.043938717
2,1.537014654,1.017024987,-1.295206243,0.637989781,0.973127854,1.406301679,1.777751407,8.51e-05,0.115979143,-1.81781854,7.422707832,4.922027146,4.658645445,-1.81781854,-1.81781854,4.795394768,4.050320047,-1.81781854,5.335455307,4.161141499,0.040346388,0.000184692,4.820494521,0.012533115,5.452861637,5.6712667,4.279476459,5.664849989,0.054600096,-0.2707043
9,1.632408241,1.304260071,-0.86981102,0.612253906,0.944482672,0.883831713,1.860467197,0.030683948,0.399513095,-1.81781854,7.234387517,4.977354267,5.227820826,-1.81781854,-1.81781854,5.234964012,-1.81781854,5.017031493,5.015607714,3.920692069,0.312477691,2.566764283,4.511297901,0.147159072,5.264499755,5.377637741,3.839571002,5.62320246,0.033295507,0.088536209
16,1.441378684,0.6774039,-1.08267833,0.622214023,0.781755375,1.467511914,1.773206999,0.168476577,0.076656839,-1.81781854,7.677314627,-1.81781854,5.317059675,-1.81781854,5.004603467,-1.81781854,4.528729676,-1.81781854,6.327165592,4.006808254,0.004962123,0.000662816,3.533788611,0.020796657,-1.81781854,5.805213355,4.107179538,4.6551186,0.174381438,1.078563983
20,1.403365923,0.67935884,-1.211195507,0.620136055,0.989004616,1.272746411,1.762461062,0.085803027,0.191130836,4.769316449,7.711533178,4.254651403,5.449767272,-1.81781854,-1.81781854,-1.81781854,3.587844906,-1.81781854,5.185942704,4.19036384,0.000909646,0.000248419,4.32625081,0.013839823,-1.81781854,-1.81781854,3.712470067,5.360657384,0.107019981,-0.19150513
2,1.537701127,1.012578468,-1.107098804,0.621176282,0.924279286,1.378116154,1.738964896,0.255971905,0.05088002,-1.81781854,7.641173846,5.191563453,5.550692154,-1.81781854,4.119681191,4.100888432,4.001196386,-1.81781854,5.180552311,3.136972239,0.001538009,0.000877951,4.241428348,0.005634237,-1.81781854,5.106430605,3.93106156,5.433149584,0.05027453,0.254274606
16,1.575354312,0.836382988,-0.870745265,0.63748973,1.054995862,1.705885085,1.793171843,0.389868764,0.068082081,-1.81781854,7.611652647,4.804888271,5.248675088,-1.81781854,4.180995824,-1.81781854,-1.81781854,-1.81781854,6.306087436,3.499279109,0.003693745,0.054873915,-1.81781854,0.006502552,-1.81781854,5.749419809,4.308970452,4.860472088,0.001147762,0.458368997
15,2.116964264,0.697115522,-0.8188713,0.588831726,1.341434525,0.732273106,1.819864143,0.791929038,0.021467329,5.87981456,7.598574174,-1.81781854,4.056384741,-1.81781854,-1.81781854,-1.81781854,4.337276694,-1.81781854,5.298084416,4.267334771,0.002121829,0.000596481,3.87079613,0.082056816,4.004094807,5.003224195,4.261858226,4.495544906,0.000659969,0.138191228
7,1.210230207,0.912195477,-0.96189669,0.60906055,0.574031268,0.796955734,1.605443287,2.64e-06,0.0943513,4.448657694,7.753734296,4.774600278,4.963518693,5.046468642,-1.81781854,5.379503059,-1.81781854,-1.81781854,5.344700395,4.134888631,0.001478521,0.000782135,4.825724162,0.001678999,6.045962599,5.197152265,4.045023679,5.935262157,0.011147333,-0.267720979
1,0.958187236,0.889139722,-1.339941276,0.59439255,0.961421094,0.677971753,1.672618237,0.027759049,0.025162366,-1.81781854,8.130588325,5.479570205,5.339168181,-1.81781854,-1.81781854,4.373395922,4.124296319,-1.81781854,5.837746734,4.623508448,0.020029705,0.806612141,5.741238384,0.015806554,-1.81781854,-1.81781854,4.687672865,5.572450044,0.036887961,-0.221669928
9,1.44642959,1.003782687,-0.828317417,0.621176282,0.802773725,1.633584589,1.726569514,1.179717972,0.044904752,-1.81781854,7.569431793,4.412139567,4.83075884,-1.81781854,-1.81781854,-1.81781854,-1.81781854,4.664734399,6.161630369,3.968768061,0.002721927,0.002856648,4.890564502,0.023261599,-1.81781854,5.838420982,3.636761854,5.76994816,0.030615292,-0.214693036
13,1.154153634,0.687156039,-1.460422117,0.614897216,0.643452676,1.376294026,1.614998557,0.098288297,0.225751831,-1.81781854,8.040541976,5.5057441,6.06920236,-1.81781854,4.1214952,5.402940034,5.592666242,-1.81781854,6.749448344,4.120450712,0.001655144,0.000410027,4.341370323,0.00503622,4.271935296,6.225974707,4.393554326,6.144922743,0.03794585,0.68369159
6,1.437968131,1.017816034,-0.846749323,0.625826713,0.711807229,1.577514778,1.66864744,0.358430561,0.031108753,-1.81781854,8.014410062,-1.81781854,5.327870276,-1.81781854,-1.81781854,-1.81781854,4.250773043,4.99733622,6.536674846,4.231199489,0.002852951,0.00120421,5.02811007,0.009532644,-1.81781854,5.047294825,4.537500102,5.536204301,0.068156901,-0.43386889
9,1.504084039,0.90868791,-0.750679323,0.617000341,0.883661435,1.297869891,1.797720924,9.62e-06,0.085531048,-1.81781854,7.283639013,4.932892548,5.298536443,-1.81781854,4.287933185,3.771832532,3.632237984,4.767400066,4.954354448,4.106286256,0.00542198,0.025670225,4.726926903,0.008599441,4.962794317,5.601079136,3.905958438,5.717925365,0.112116949,0.384403891
8,1.467158708,1.177905998,-1.306712843,0.632963168,1.147676324,1.339550811,1.83943009,0.102087735,0.059076153,-1.81781854,7.431318951,-1.81781854,5.379493866,-1.81781854,-1.81781854,-1.81781854,4.185359156,4.637727462,5.757187311,4.158638086,0.002962457,0.001474801,4.547911625,0.024287158,4.794555986,5.375267696,-1.81781854,5.593405068,0.028544338,0.33518631
19,1.610880235,0.948625659,-1.132974692,0.621695462,1.006466042,1.127509735,1.853928619,0.375085192,0.302779138,-1.81781854,7.516238037,4.528494482,5.692950894,-1.81781854,-1.81781854,-1.81781854,4.313420527,-1.81781854,4.964065898,4.044595917,0.001227517,0.001124762,4.246231743,0.006284664,-1.81781854,-1.81781854,3.84210184,5.751837076,0.10955094,0.63103168
6,1.406603532,1.056698322,-1.214314332,0.615940062,0.771566537,1.779018972,1.769975495,6.212033133,0.34362961,-1.81781854,7.245812274,-1.81781854,-1.81781854,-1.81781854,-1.81781854,4.871688184,-1.81781854,-1.81781854,4.817143466,3.630766048,0.000739247,0.004839228,-1.81781854,0.003746152,-1.81781854,-1.81781854,-1.81781854,-1.81781854,0.053635224,-0.138352275
12,1.365409075,1.209398383,-0.757023998,0.615950052,0.72427587,1.151415821,1.79612048,0.078832897,0.129263826,4.322081484,7.855593173,5.057105172,5.876566972,5.406930003,-1.81781854,5.212050164,-1.81781854,4.707373375,5.858957868,4.261781179,0.000444958,0.000572763,4.777874867,0.016815373,5.063849653,5.425264782,4.559396328,6.145455951,0.039560087,-1.151446663
12,1.616055405,1.055570969,-1.082100811,0.616475514,0.841984805,1.208293521,1.833058777,0.134419252,0.051699912,-1.81781854,7.752814778,-1.81781854,5.265154124,-1.81781854,-1.81781854,-1.81781854,-1.81781854,-1.81781854,5.940996598,4.437383468,0.00247159,0.00549875,4.978237223,0.022272101,-1.81781854,-1.81781854,4.141376056,4.749881456,0.059927191,-0.447063537
6,1.396078111,0.689320405,-1.097833871,0.620136055,0.755874856,1.419575781,1.650447796,0.072621277,0.210061288,-1.81781854,8.055951816,5.226361304,6.010212501,-1.81781854,4.674150465,3.428196205,5.058741946,-1.81781854,6.14993653,4.408810757,0.001532004,0.002604532,4.539817936,0.008153179,6.997728145,6.118478747,4.264948412,6.105725196,0.087655504,0.723456436
18,1.446018298,0.694435835,-0.808744658,0.607990859,0.835690571,0.910731098,1.809179827,0.030446787,0.318490023,-1.81781854,7.864644681,5.354718682,5.826348835,5.630928041,4.882800136,-1.81781854,-1.81781854,5.185281464,5.767492032,4.404026935,0.000323092,0.002486458,4.253742903,0.01222912,6.814966594,5.906967957,4.382960551,5.664428214,0.004863173,0.062965372
6,1.375704481,1.220895383,-0.874031037,0.617524535,0.785329835,1.343438137,1.75986916,5.243230393,0.215895428,-1.81781854,7.324667708,-1.81781854,-1.81781854,-1.81781854,-1.81781854,4.936159861,-1.81781854,-1.81781854,5.084338077,-1.81781854,0.000446834,0.004779728,-1.81781854,0.003571387,-1.81781854,-1.81781854,-1.81781854,-1.81781854,0.404891584,0.499561907
19,1.593378068,0.853507786,-0.977386073,0.631443769,0.913813852,1.361170449,1.82398986,0.289297446,0.172441413,4.285056221,7.562682573,-1.81781854,5.723096669,-1.81781854,-1.81781854,-1.81781854,4.110341933,-1.81781854,5.571874261,4.252238968,0.001044921,0.000771784,-1.81781854,0.004151346,5.673408559,5.530294882,3.683014513,5.706941127,0.045943292,0.169015523
6,1.411846515,1.322826107,-1.542723814,0.619875609,0.610127613,1.300725883,1.778828674,0.117769824,0.058437968,-1.81781854,7.855022012,4.362147072,5.657392143,-1.81781854,-1.81781854,-1.81781854,4.076043355,5.406886361,5.430736092,4.09584403,0.001289836,0.001025591,4.319675617,0.020740163,5.261064186,5.614972284,4.235142813,5.984891191,0.229871535,-0.122015734
12,1.637680892,1.289932484,-0.746916539,0.60906055,0.894869657,1.294510315,1.778414932,0.901062874,0.095418061,-1.81781854,7.631140916,5.216509228,5.656343842,5.307380841,4.311689424,-1.81781854,-1.81781854,5.063983097,6.212736508,4.598682103,0.00170156,0.000874454,4.032626916,0.019996525,-1.81781854,5.25412196,4.070199631,5.168050092,0.074122075,-0.363794246
12,1.717744543,0.990931276,-0.774742423,0.607455023,0.835690571,1.344480696,1.829451569,0.117343089,0.17916344,3.925995752,7.878093049,5.254622711,4.58571003,-1.81781854,-1.81781854,-1.81781854,4.5063453,5.453026829,5.624970114,4.417662875,0.000554047,0.000775661,4.704469401,0.002465827,4.726573871,5.276180731,4.209681878,5.126937923,0.056320794,0.049512314
20,1.624598984,0.699950836,-0.7003293,0.629919036,1.035429738,1.740773101,1.854169628,0.359804779,0.052339716,-1.81781854,7.335765883,-1.81781854,5.462672285,-1.81781854,-1.81781854,-1.81781854,-1.81781854,5.307726873,5.80906456,3.769644291,0.003960967,0.001503549,3.193057628,0.007955438,-1.81781854,5.33663376,3.982928008,5.275659555,0.000871292,-0.083622006
18,1.666007478,1.267475159,-0.856969578,0.622731965,1.331427297,1.098920479,1.978453886,0.02417576,0.113881041,-1.81781854,7.812344962,5.09445058,5.731530768,-1.81781854,-1.81781854,-1.81781854,-1.81781854,6.205227888,4.841165814,4.461657237,0.002181232,0.002800565,4.437711875,0.004786266,6.340820416,-1.81781854,4.089368876,5.490110167,0.031003812,-0.351053174
11,1.69050711,0.788608455,-1.798739468,0.57054294,0.806179974,-0.520712684,1.648650549,0.110394981,0.048311784,5.346085084,7.722259868,4.816013758,4.532986191,-1.81781854,-1.81781854,5.262606072,4.0412873,-1.81781854,5.582398476,3.491956104,0.010171778,0.000701399,4.807676604,0.137690766,4.73378505,-1.81781854,4.759900857,5.522744934,0.052006768,0.474743221
3,1.193424464,0.873144116,-1.76421913,0.622214023,0.662757832,1.39078502,1.698222114,0.0,0.056924223,-1.81781854,7.389328273,4.925115701,5.226956712,-1.81781854,4.119492487,4.310142738,4.237044941,-1.81781854,5.499516247,3.787544686,0.001227221,0.001313094,4.139561663,0.00834145,6.350012713,5.843212082,4.462643491,5.36363529,0.013124027,0.481664592
11,1.569350029,0.786969224,-1.559957223,0.57634135,0.872156273,0.673665876,1.683678199,0.146658243,0.076666215,-1.81781854,7.803880519,5.165697835,5.045158914,-1.81781854,3.878454462,3.559553793,4.42083448,-1.81781854,5.965191308,4.464127412,0.00143876,0.000599866,4.916901345,0.12561525,6.837217105,-1.81781854,3.883092105,5.757867769,0.133788426,0.087426245
5,1.545624802,1.152882798,-1.792500277,0.600972896,1.035429738,0.333548027,1.656926454,0.209088258,0.036189697,6.448136872,8.00392523,4.350139023,-1.81781854,-1.81781854,-1.81781854,5.022886017,4.034134112,-1.81781854,6.956826469,4.742528239,0.7768447,0.019399412,-1.81781854,0.027784536,-1.81781854,-1.81781854,4.901285062,6.056099089,0.023550588,-0.574754858
14,1.40502056,0.810435164,-1.148802824,0.621176282,1.049218023,1.640824166,1.908895742,0.057855463,0.109312249,-1.81781854,7.527226808,5.040600123,-1.81781854,-1.81781854,-1.81781854,-1.81781854,-1.81781854,-1.81781854,5.551238641,3.239989288,0.000639382,0.000370912,4.415658729,0.005107661,5.915407844,5.66560831,3.954426974,4.691282357,0.058829817,-0.260175883
14,1.482832438,0.625861147,-0.973262506,0.618048097,-0.698970004,1.436425053,1.832577021,0.239585218,0.066735514,3.786037713,7.437961664,4.591925653,4.906909229,-1.81781854,-1.81781854,-1.81781854,-1.81781854,5.080262966,5.248651178,3.899974337,0.000845602,0.001158307,4.485667254,0.015616455,-1.81781854,-1.81781854,3.791475454,4.580751927,0.007323636,0.102584274
6,1.472572603,1.088536873,-1.105877862,0.624797579,0.832508913,1.170467076,1.806845664,0.091340476,0.060130924,-1.81781854,7.622641627,5.088108273,5.759447228,-1.81781854,-1.81781854,-1.81781854,4.348431712,-1.81781854,5.550523199,-1.81781854,0.001366168,0.000221406,4.559619119,0.012534598,5.815786706,5.828113872,4.205594813,4.89777542,0.00077841,0.506713308
19,1.568954806,1.067943034,-1.341178041,0.648360011,1.122215878,1.345334515,1.841392542,0.320582692,0.307862149,-1.81781854,7.563473187,4.906085234,4.895530452,-1.81781854,-1.81781854,4.914838379,4.312899762,-1.81781854,5.531464775,4.314048119,0.001352406,0.000431726,4.361106509,0.022815608,5.665821206,5.482696366,4.735647837,5.042860942,0.025198158,-0.194852673
9,1.512467261,0.858079203,-1.294692335,0.621695462,1.021189299,1.502140227,1.868139976,0.12325294,0.126584503,-1.81781854,7.402401856,4.870583476,5.387123597,-1.81781854,-1.81781854,-1.81781854,-1.81781854,5.115281606,4.297495721,3.326575696,0.00109661,0.000329966,3.858562871,0.018886967,-1.81781854,-1.81781854,3.801604918,5.082673531,0.015945179,0.890411244
11,1.651741822,1.0173122,-1.673664139,0.572871602,0.822821645,0.290257269,1.673378753,0.070550051,0.040735356,-1.81781854,7.872317026,4.824318517,4.98154344,-1.81781854,-1.81781854,5.541717967,4.621777046,-1.81781854,6.512644764,4.688435842,0.002373266,0.000496905,4.928347785,0.026192437,5.030791165,4.570172649,4.964635314,5.742120776,0.055322612,0.455646758
8,1.676436934,0.711271831,-1.127843727,0.631443769,1.093421685,1.382404311,1.87114675,0.066704527,0.079674993,-1.81781854,7.439847347,-1.81781854,5.477188001,-1.81781854,-1.81781854,4.043010859,-1.81781854,5.863510515,5.616151098,3.838914202,0.001607796,0.00101089,-1.81781854,0.008691997,-1.81781854,4.654545043,3.832541632,5.32150818,0.069513448,0.170364787
21,1.535003501,1.158722747,-1.098214855,0.582063363,0.748188027,-1.144178095,1.78861916,0.072293842,0.183116377,-1.81781854,7.667028987,5.047696571,5.550890152,-1.81781854,-1.81781854,4.97022742,-1.81781854,-1.81781854,5.757818883,3.92733954,0.715070029,3.23624777,4.255165,2.209471542,-1.81781854,-1.81781854,4.046426255,5.865928566,0.923728916,-0.747556579
16,1.727913176,0.870592624,-0.95638233,0.611723308,0.926856709,1.586576053,1.846349856,0.044650332,0.096266608,-1.81781854,7.348120305,4.678030601,5.149757712,-1.81781854,-1.81781854,-1.81781854,3.617616121,5.150048946,5.641916641,3.490568159,0.001320575,0.001121202,3.98129321,0.010591966,-1.81781854,5.336539355,3.611021424,-1.81781854,0.069820187,-0.364246669
16,1.539251287,1.052443063,-1.002264223,0.608526034,0.763427994,1.440413137,1.824376441,0.082635523,0.084044989,-1.81781854,7.946750932,4.828066061,5.604944072,-1.81781854,4.481345503,-1.81781854,4.606176334,5.895179038,6.617380267,4.482949362,0.001440865,0.000948951,-1.81781854,0.021662996,-1.81781854,6.275853123,4.037519131,6.334751487,0.076025584,0.367681284
8,1.614452258,0.827518536,-1.596793658,0.632963168,1.112269768,1.319969623,1.834974219,0.278286138,0.083430349,-1.81781854,7.40512495,-1.81781854,5.704300704,-1.81781854,-1.81781854,-1.81781854,4.195410747,5.617541156,5.826564364,4.050519152,0.003131918,0.001715928,3.29422373,0.003947181,4.285834062,5.390482668,-1.81781854,6.1462117,0.076193788,0.252228156
16,1.497283302,0.734685042,-1.120588697,0.618048097,0.62838893,1.544043227,1.676448598,127.059107,1.883683746,-1.81781854,8.190591729,-1.81781854,6.284174373,-1.81781854,-1.81781854,-1.81781854,4.232977237,5.230451634,6.220264821,4.594911188,0.857069695,9.837582658,3.940505272,2.743348644,7.194880307,5.690126885,4.587924787,6.02255335,1.662400509,-0.487611153
12,1.618453476,0.87042439,-1.08650404,0.605305046,0.857332496,1.189392046,1.847259225,0.457887994,0.331262821,-1.81781854,7.554539519,5.067329428,5.712764353,6.169705446,5.116027914,6.29574142,4.105607593,5.903670444,6.563624189,5.019549093,0.025078279,0.051644504,4.487080472,0.002111305,-1.81781854,4.923432681,4.333640551,5.296190302,0.106444387,-0.354189667
6,1.563350303,1.135486465,-1.330915673,0.617000341,0.792391689,1.459377408,1.764321795,0.095112304,0.03615153,-1.81781854,7.888077193,5.394648948,5.445997783,-1.81781854,3.933677997,-1.81781854,4.336864195,-1.81781854,5.927902028,4.069646205,0.001078185,0.00046658,4.994858818,0.007911039,6.704489388,5.852576131,4.080458544,5.45353655,0.030272203,0.504178384
14,1.458553928,0.713606451,-0.903072616,0.625312451,1.0,1.333699112,1.799316456,0.277239201,0.065046691,-1.81781854,7.68567656,4.829078705,5.401126446,-1.81781854,-1.81781854,-1.81781854,-1.81781854,-1.81781854,5.079276476,3.581559376,0.00080568,0.00102464,4.190472134,0.021674425,5.31323251,4.958924445,-1.81781854,5.419175168,0.031630293,0.342093801
11,1.54796702,1.063534882,-2.171340103,0.575187845,0.806179974,0.513350799,1.70116087,0.125106943,0.092604646,-1.81781854,7.805295193,5.366870079,4.86524789,-1.81781854,-1.81781854,5.628653609,4.27631343,-1.81781854,5.900398965,4.17926546,0.001470307,0.009299316,4.669215935,0.014840623,-1.81781854,-1.81781854,5.370198014,5.062566524,0.026792906,0.181350365
12,1.577917441,1.066718849,-0.916389895,0.598790507,0.829303773,1.352327259,1.842357045,78.88423467,0.562995425,4.732433297,7.465944664,4.806723466,5.796108895,-1.81781854,5.251183047,-1.81781854,3.875871029,-1.81781854,4.691641646,-1.81781854,0.743960107,5.329454648,4.397380408,1.486887014,-1.81781854,4.707007541,4.071291706,5.193840312,0.47955356,0.588559793
19,1.620545578,1.03838189,-1.034657164,0.618048097,0.903089987,1.352365848,1.837211486,0.0,0.123934482,-1.81781854,7.335583977,4.942509121,5.357643668,-1.81781854,-1.81781854,-1.81781854,-1.81781854,-1.81781854,4.851778766,3.494665322,0.000933748,0.000251727,4.357605847,0.003889339,5.765593377,5.455670705,3.654555914,5.630405013,0.059920311,0.506520597
2,1.546185211,0.830830126,-0.998785675,0.622731965,0.986771734,1.259211493,1.752451309,0.136879541,0.105173012,-1.81781854,7.760733508,5.196684499,5.562371358,-1.81781854,4.630632747,5.160005706,4.305568475,-1.81781854,5.836916016,3.748640215,0.002269986,0.0003476,4.915030783,0.026057954,6.610622732,5.652278915,4.357669767,4.830824764,0.165229991,0.634264534
12,1.77248263,1.141109966,-0.643052008,0.611723308,0.929418926,1.588271707,1.884407865,0.057278238,0.098572762,-1.81781854,7.428286535,-1.81781854,5.092934948,-1.81781854,-1.81781854,-1.81781854,-1.81781854,5.44870073,5.333195301,3.856917449,0.001900857,0.002903593,-1.81781854,0.011285339,-1.81781854,5.438457915,4.0924144,5.063369957,0.137265768,1.022462562
12,1.602017917,1.13748514,-1.141432728,0.615761782,0.734324085,1.371289573,1.801271666,0.201852758,0.188484002,3.923532953,7.690981063,5.025792166,5.540106998,-1.81781854,3.900844033,5.694213666,4.671025339,-1.81781854,5.968820001,4.020660703,0.001892932,0.000627642,4.192538991,0.048430813,5.014884067,5.721128452,5.028693167,5.676480602,0.034874281,0.289670156
6,1.508054563,1.104406869,-1.03263926,0.624282096,0.785329835,1.509431038,1.71130058,0.464646462,0.057297831,5.090449788,7.599195575,-1.81781854,5.420917233,-1.81781854,-1.81781854,-1.81781854,3.646475819,5.239543622,5.60564026,4.202309148,0.002227066,0.000871849,-1.81781854,0.007903472,4.896549792,5.468871393,3.932803852,5.646449502,0.066024538,0.290682302
13,1.375556078,0.516008216,-1.144238628,0.619615006,0.812913357,1.359370595,1.708353031,9.84e-05,0.068073248,3.911838449,7.673572427,5.140247632,5.602500369,-1.81781854,4.10431895,5.534951791,4.316002314,-1.81781854,5.287836061,4.023038619,0.000765323,0.000229398,4.928361618,0.006721712,6.317269263,5.917417183,4.454180071,5.546595993,0.044065736,-0.099053272
7,1.363750988,0.758765842,-1.326472251,0.606918526,0.740362689,0.803730171,1.664610201,0.002616482,0.055452924,-1.81781854,7.554954291,5.044533714,4.812463747,6.200211238,4.778269918,5.154396031,-1.81781854,-1.81781854,5.82094784,4.829123734,0.003449041,0.004672749,5.001771474,0.007108145,4.255923143,4.974513843,4.527303229,5.706819767,0.031235919,-0.420977698
20,1.688021967,0.996610165,-0.599470645,0.62324929,1.008600172,1.218640521,1.859000418,1.28e-05,0.152017249,-1.81781854,7.217230271,4.971743191,4.988741028,5.849479973,-1.81781854,5.439212152,-1.81781854,-1.81781854,5.683935514,4.005696761,0.018001606,0.000236734,4.69717678,0.009435836,4.962961643,5.44350167,3.782043174,5.490240454,0.067201198,0.085708291
18,1.761724394,1.213627578,-0.991527581,0.621695462,0.977723605,1.18214349,1.897285981,0.33372844,0.184077193,-1.81781854,7.527744038,4.824556207,6.032941273,-1.81781854,-1.81781854,-1.81781854,-1.81781854,-1.81781854,5.331009019,4.382189064,0.0023377,0.001158551,4.408760999,0.01630448,-1.81781854,-1.81781854,4.226407576,5.111963933,0.180246027,0.735124493
20,1.718802477,1.014549099,-1.060480747,0.632457292,1.206825876,1.274458055,1.96051235,0.173766572,0.192494517,-1.81781854,7.363471167,4.923759957,5.162589422,5.467609868,6.033582424,4.869557688,-1.81781854,6.487075626,6.145748682,3.782207295,0.005794849,0.001910137,3.29680152,0.029593539,-1.81781854,-1.81781854,3.972362909,5.628731377,0.101598857,-0.579226829
6,1.594607379,1.051651192,-0.651023766,0.622214023,0.748188027,1.125090713,1.723952446,0.133479127,0.170804179,-1.81781854,7.721669642,4.820711376,5.591004509,-1.81781854,-1.81781854,-1.81781854,4.622311103,-1.81781854,5.613749868,4.065150305,0.000702275,0.001104392,3.840167851,0.004077312,3.815370949,5.410976961,4.34367883,5.562988228,0.057559433,0.319268729
6,1.583043738,1.337683838,-0.765938509,0.620136055,0.8162413,1.343684249,1.802998098,0.670876346,0.063956071,-1.81781854,7.792744682,-1.81781854,5.167012404,-1.81781854,-1.81781854,-1.81781854,4.272817786,4.66860158,6.260283609,3.826957481,0.002717629,0.000608078,4.558174728,0.01473145,-1.81781854,5.387267778,4.190892185,6.176710798,0.1264213,0.689567498
18,1.613164545,0.974825901,-0.748179341,0.617000341,0.986771734,1.02206734,1.88237806,0.0,0.222046592,3.787041601,7.422539535,4.910641988,5.285592795,5.709738532,4.646946119,4.843615208,-1.81781854,-1.81781854,5.587059542,3.672958191,0.000669667,0.001485072,4.73284284,0.00994895,6.344448655,5.665271314,3.341261779,5.649181827,0.009602159,-0.675719885
19,1.395906579,0.905599999,-1.336534656,0.62324929,0.929418926,1.126391192,1.751702296,0.076195232,0.133552467,-1.81781854,7.747663319,4.701281698,4.811419923,7.752264773,5.278086871,-1.81781854,5.757753196,7.7805009,6.318587657,4.028635447,0.002219599,0.00366039,4.992495139,0.010630819,-1.81781854,4.704462557,4.310216353,5.36922877,0.012416044,0.037608594
16,1.550889506,1.027839289,-0.969521719,0.617524535,0.84509804,1.64440412,1.808387829,0.162997001,0.09394259,4.021457275,7.956036902,4.980641007,5.797837733,-1.81781854,-1.81781854,-1.81781854,4.439419479,5.426375902,6.654044415,4.572600742,0.001675904,0.010467002,3.943235768,0.016258838,5.191710529,6.247015019,3.985876095,6.2164905,0.044266277,-0.27697107
20,1.591658627,1.057872364,-1.20722322,0.64246452,1.084576278,1.146345129,1.804328688,0.051595714,0.093623335,-1.81781854,8.029827325,5.560368229,5.902665292,-1.81781854,4.71273235,5.656506997,5.207178407,-1.81781854,6.099126536,4.215253308,0.30642628,4.711648765,4.886032761,1.816572843,5.991860824,6.219754773,5.343234348,6.021527544,0.733977052,0.349727167
18,1.712469592,0.933195382,-0.753181479,0.610127613,0.986771734,1.494690172,1.91318823,0.681642411,0.107332977,3.839275601,7.578651422,4.876610582,5.634162495,-1.81781854,-1.81781854,-1.81781854,-1.81781854,5.948121166,5.138657998,4.023840552,0.00201431,0.001031993,-1.81781854,0.009567311,4.412617934,-1.81781854,3.79654504,5.78399458,0.091440902,0.394040666
12,1.575126335,1.179916709,-1.08375667,0.614897216,0.819543936,1.131361989,1.808340938,0.009639391,0.092688597,4.678832737,7.578513893,5.098874377,5.478137593,5.977682242,4.475966497,-1.81781854,-1.81781854,-1.81781854,5.820158595,4.719130832,0.001421161,0.000880652,4.808028278,0.002989812,4.41734342,5.029341717,3.900026573,5.52097466,0.042791868,0.212837249
16,1.4775212,0.84540628,-1.201867503,0.618571028,0.877946952,1.332933072,1.767909659,0.073136968,0.051459,-1.81781854,7.857635749,5.201191331,4.455815196,-1.81781854,4.467418029,5.303938487,4.923517548,-1.81781854,6.604236519,5.386526463,0.00288763,0.001853441,4.769733169,0.012714411,5.363108697,6.460023574,4.777841054,4.613376139,0.015521877,0.354646635
18,1.72776465,0.95881488,-0.904447104,0.629919036,0.929418926,1.499968733,1.842930785,0.397196008,0.147304584,-1.81781854,7.282148388,-1.81781854,4.371260137,-1.81781854,-1.81781854,-1.81781854,4.168621419,5.225359347,5.722563185,3.777457467,0.001932489,0.001283078,-1.81781854,0.011578571,5.807173305,5.311626191,4.349900155,4.809158687,0.022904673,0.462278515
8,1.359604619,1.009596628,-0.885639257,0.627365857,1.15075644,1.121822377,1.861845355,0.092014531,0.078943598,-1.81781854,7.65504074,5.140819905,5.207768352,-1.81781854,4.439527593,-1.81781854,-1.81781854,-1.81781854,5.910913283,4.340456685,0.001601334,0.001046295,4.709950243,0.023043291,7.020482584,5.632293363,4.212131093,5.541387356,0.001289839,0.425719417
12,1.674414497,0.807234232,-0.688352077,0.602059991,0.819543936,1.180885369,1.831339471,0.627783709,0.065516425,-1.81781854,7.578322441,4.698322071,5.281682927,-1.81781854,-1.81781854,-1.81781854,-1.81781854,-1.81781854,5.578529406,3.132912876,0.001613277,0.000888526,4.09940363,0.010556992,-1.81781854,4.891708992,3.818347997,5.218484859,0.033076186,0.437476335
7,1.570480126,1.060619849,-1.104135649,0.605305046,0.73239376,0.855579723,1.74953821,0.137264822,0.155184581,-1.81781854,7.561836211,4.897103266,5.894189399,5.996111259,4.861797224,5.596472231,4.257371272,5.57682037,6.424653972,3.822758549,0.001103729,0.000320587,4.522495449,0.024334642,4.109751126,5.854434836,4.665067304,6.052729202,0.051225698,0.292610204
18,1.729311056,1.163703755,-0.859932131,0.632457292,0.970811611,1.457995373,1.905197707,0.309805484,0.289091484,-1.81781854,7.323461521,5.09173321,5.218288453,-1.81781854,-1.81781854,3.414442897,3.613058583,-1.81781854,5.677954264,3.993870766,0.001417775,0.00180198,-1.81781854,0.010002827,5.596161676,5.463632853,3.708131643,5.190876733,0.043944231,0.345278132
6,1.396039291,1.110268416,-0.910412781,0.606381365,0.744292983,1.25265889,1.711051574,0.490659407,0.070363894,-1.81781854,7.857297195,4.594400257,5.210201642,-1.81781854,-1.81781854,-1.81781854,3.769159694,-1.81781854,5.009444749,3.735911644,0.002025586,0.000798704,4.689277414,0.021159164,-1.81781854,-1.81781854,3.684118357,5.899823581,0.03313219,-0.359762771
16,1.433899063,0.825213138,-1.066259701,0.620136055,0.799340549,1.496646019,1.645213375,0.021148459,0.098745968,4.245062226,7.808317376,5.238288153,4.953336657,5.976752312,-1.81781854,5.740960544,5.800840571,-1.81781854,6.695722589,4.217863911,0.000859479,0.000140684,5.050569349,0.00256716,5.471768609,5.944373115,3.88293957,5.572828723,0.04752069,0.598305567
6,1.419088027,1.160840688,-0.979203812,0.613841822,0.799340549,1.123459619,1.777209693,0.302504689,0.083630617,-1.81781854,8.031336378,4.992879556,6.405163913,5.390456302,4.827223906,-1.81781854,-1.81781854,5.412628824,7.028599469,4.664196143,0.003904247,0.003988736,-1.81781854,0.022934035,4.256781836,5.963588203,4.473077559,6.13752348,0.11861698,0.566697861
2,1.516455647,1.046617085,-1.071885916,0.62065648,0.886490725,1.169012792,1.712276014,0.050642982,0.067028603,-1.81781854,7.937919876,5.359631372,5.427841462,-1.81781854,4.084144852,-1.81781854,4.540176577,-1.81781854,5.892328088,5.964922169,0.00122977,0.009878711,4.851566381,0.009711715,-1.81781854,5.522436472,4.262641737,5.000808678,0.100512256,0.46876583
18,1.738781509,1.104312607,-0.511879561,0.617524535,0.892094603,0.95568775,1.910240813,0.391449626,0.400081194,-1.81781854,7.428229602,5.119437077,5.71484111,-1.81781854,-1.81781854,-1.81781854,4.433495958,-1.81781854,4.711774207,4.184608153,0.000492807,0.000864926,3.919162158,0.009110416,-1.81781854,5.088326933,3.654650763,5.127144855,0.290763318,1.081221116
12,1.635717519,0.96495131,-1.009772175,0.604765885,0.767155866,1.168541677,1.792661989,0.039789919,0.169341594,-1.81781854,7.797295316,5.057568881,5.664302455,-1.81781854,-1.81781854,-1.81781854,3.698173089,5.315876839,5.406028157,4.570369297,0.000428914,0.000450031,4.691238311,0.005475178,-1.81781854,5.411670842,4.337605876,6.063859743,0.05557508,0.505657958
12,1.820477848,0.995748798,-0.933543619,0.615950052,0.86923172,1.491879736,1.856042477,1.21e-06,0.144721714,-1.81781854,7.144536778,4.994351186,4.788427654,-1.81781854,-1.81781854,4.59324669,-1.81781854,4.608055074,4.924135902,4.044053196,0.000582806,0.000258674,3.523667586,0.005025912,4.940613009,5.430958542,3.940086984,5.388222407,0.065472846,-0.467711247
12,1.589473067,0.859348786,-1.357683897,0.629409599,0.982271233,1.661732253,1.831741258,0.09761182,0.235136985,-1.81781854,7.961155631,5.6004501,5.775667449,-1.81781854,4.803312493,4.589320492,5.19878814,-1.81781854,6.089745498,4.62098105,0.001840909,0.000917945,4.205007884,0.009904137,4.880187616,6.154262792,3.994084377,6.148930876,0.256197833,-0.985472813
12,1.478409126,0.743852205,-1.364415734,0.62324929,0.892094603,1.443278637,1.807738159,0.094488331,0.085869284,-1.81781854,7.446260655,-1.81781854,5.425966918,5.741765563,-1.81781854,-1.81781854,4.057894262,6.193825986,5.276199218,3.605472873,0.001282171,0.000563098,4.381131101,0.019722304,-1.81781854,-1.81781854,3.878650283,4.797556747,0.060181535,0.389931427
21,1.512790423,0.97994152,-1.472692396,0.608526034,0.822821645,1.282542813,1.822287396,0.28155554,0.183116377,-1.81781854,7.573942297,4.72941624,5.277352261,-1.81781854,-1.81781854,-1.81781854,4.151878562,-1.81781854,5.48350462,3.938552124,0.001067561,0.002259418,-1.81781854,0.040032893,-1.81781854,4.946637376,4.225883573,6.042800298,0.06479662,0.927272606
6,1.492818058,0.994910547,-1.16768273,0.616475514,0.851258349,1.361708953,1.766868469,8.75e-07,0.073272801,-1.81781854,7.345583456,4.868000153,4.756550997,-1.81781854,-1.81781854,-1.81781854,-1.81781854,-1.81781854,4.873258975,3.998591444,0.000977168,0.000277482,4.61928051,0.013739113,4.745723972,5.148340675,3.796457548,5.277929756,0.03368678,-0.243976659
20,1.677666983,1.309945023,-0.831237424,0.618048097,0.973127854,0.967618169,1.872459066,1.14e-06,0.092913675,-1.81781854,7.393155534,4.785863368,5.187053112,6.300845299,5.223972679,4.299817329,-1.81781854,5.861936887,5.283242021,3.500119807,0.498140419,0.001087379,4.753756302,0.024519439,3.73850125,4.781296231,4.005158162,5.548284313,0.019994204,0.619228509
12,1.638629007,1.37295589,-1.032077793,0.603144373,0.806179974,0.947703234,1.855636315,0.373047243,0.247476071,-1.81781854,7.537854896,5.020205921,5.982723335,6.312339234,4.864836172,6.562103081,-1.81781854,5.625722165,6.207990657,4.194493531,0.000688572,0.002997747,3.992285013,0.007590245,4.712533483,5.340251326,3.682282742,5.786486024,0.092890255,-0.538997462
8,1.383053966,0.583677595,-1.391687957,0.63447727,1.051152522,1.308628433,1.71096747,0.074772727,0.055859312,-1.81781854,7.609610107,5.191855923,5.279950894,-1.81781854,-1.81781854,4.548845463,4.797384769,-1.81781854,6.084570186,4.19716079,0.286658454,2.020891241,4.252981324,0.776240757,4.285954768,5.618677872,3.868714506,5.139772152,0.352601691,-0.595983103
9,1.460974101,0.901757919,-1.163770857,0.610660163,0.903089987,1.395518594,1.764548748,0.10845693,0.162548753,-1.81781854,7.683808172,4.995600254,5.13591986,-1.81781854,-1.81781854,5.139622354,-1.81781854,5.610130619,5.589340151,4.142619715,0.001430946,0.000374573,3.932482766,0.006045373,4.605509403,5.304164896,3.812596598,4.605661433,0.04658771,0.507305779
12,1.660084563,1.020916021,-0.899526064,0.614897216,0.812913357,1.227076465,1.815440466,0.002282163,0.073466657,4.780881556,7.640557328,5.010578838,5.658707547,-1.81781854,-1.81781854,4.428758466,-1.81781854,4.908101473,5.669421913,4.130028422,0.001434978,0.000209096,4.773681078,0.00635461,5.294680183,4.689449619,3.658147909,5.515713871,0.018687093,-0.113405257
14,1.757119116,1.188876056,-0.590768736,0.629409599,1.159867847,1.436695246,1.816860573,0.129788929,0.103122931,-1.81781854,7.734492458,5.779860796,4.732954427,-1.81781854,4.688644008,-1.81781854,4.254409712,-1.81781854,5.639976598,3.760078608,0.002170261,0.00039295,4.706711308,0.008990687,5.927078981,5.899128603,4.04992234,4.854858754,0.249190491,-1.245300475
12,1.645394167,1.083370556,-0.795120666,0.613841822,0.748188027,1.433929766,1.79010349,0.0,0.085203998,-1.81781854,7.250770766,4.946116961,5.00504164,-1.81781854,-1.81781854,-1.81781854,-1.81781854,4.676129515,4.535818048,3.55306653,0.000565997,0.000189802,4.495088345,0.006672128,5.177387408,5.348225357,3.920891214,5.172559214,0.017844248,0.771558378
9,1.602830452,1.261482578,-0.916264529,0.611723308,0.84509804,1.327992032,1.803720276,1.9e-05,0.114254077,-1.81781854,7.309203135,4.840993189,5.113718805,6.779701095,7.235643581,4.885502733,-1.81781854,-1.81781854,5.914111892,3.793873192,0.001907434,0.001534853,4.556196031,0.008452356,5.502056512,5.653960443,4.172369746,5.48609195,0.057135654,-1.414394096
20,1.532220353,1.097963895,-1.149415024,0.624282096,1.198657087,1.25004166,1.868800116,0.144860676,0.094332995,-1.81781854,7.571246154,4.997698098,6.320260814,-1.81781854,4.961396023,-1.81781854,3.681786054,8.308991501,6.5083928,5.68968904,0.007878215,0.292337602,6.205594992,0.080853066,6.262157603,4.387939107,3.993885162,6.478908239,0.018981041,0.193712152
19,1.556512841,0.878672853,-1.119643801,0.62838893,0.931966115,1.370485332,1.775203958,0.05817884,0.089769526,-1.81781854,7.706840378,5.232172561,5.544928,-1.81781854,3.979480504,-1.81781854,4.346110983,-1.81781854,5.900118557,4.18752212,0.001057486,0.002572228,4.972485152,0.015053237,6.63903206,5.677821558,3.985861129,5.677466949,0.127688341,0.674362028
10,1.481781833,1.12009545,-2.761953897,0.611192061,1.10720997,1.465917953,1.859774796,0.273035098,0.291587724,-1.81781854,7.480053855,4.919911881,5.983449526,-1.81781854,-1.81781854,4.350729369,4.364790117,-1.81781854,5.909151558,3.93348687,0.002032727,0.003876131,-1.81781854,0.013042799,-1.81781854,5.186195878,4.245924874,5.145671092,0.041654783,-0.300223452
12,1.44729551,1.245523648,-1.24910608,0.614897216,0.795880017,1.345648141,1.795825849,1.01e-05,0.169407181,-1.81781854,7.521095419,4.9312695,3.46352949,-1.81781854,-1.81781854,-1.81781854,3.721542226,-1.81781854,5.155220782,3.909153219,0.00029876,0.000181592,4.834283848,0.005920335,5.214327768,5.344599567,4.135806978,5.570470856,0.03375331,-0.267025234
6,1.495510411,1.181683269,-0.865488213,0.609594409,0.73239376,1.319168543,1.72072005,0.239648846,0.053216093,-1.81781854,7.677622699,4.230442202,4.926669265,-1.81781854,-1.81781854,-1.81781854,3.631635527,-1.81781854,5.266986686,3.791113086,0.001470467,0.000754847,4.767728439,0.015111076,4.352845818,4.821851329,4.089883676,5.511989586,0.025537157,0.149526151
11,1.670453903,0.967816987,-1.930887149,0.575187845,0.908485019,0.508933526,1.786329767,0.068171213,0.07696856,-1.81781854,7.855346036,5.084336396,5.056126176,-1.81781854,-1.81781854,5.356740728,4.440283207,-1.81781854,6.343791926,4.325859022,0.003522345,0.004938644,4.953284318,0.033652934,4.430641327,-1.81781854,4.901422503,5.81525625,0.045939593,0.399822741
21,1.842593796,1.252596018,-0.750703784,0.607455023,0.857332496,-1.144178095,1.947073221,5.91714088,0.581349695,5.513074893,7.148516573,-1.81781854,-1.81781854,5.905571085,6.365141664,4.5218693,-1.81781854,-1.81781854,4.671849792,3.324299383,0.006409096,0.021013042,-1.81781854,0.025668045,-1.81781854,-1.81781854,-1.81781854,4.096714205,0.310452387,-0.288400578
12,1.577479104,1.049109629,-0.771304565,0.603144373,0.77815125,1.303660353,1.814241534,0.209212297,0.261114396,-1.81781854,7.585771485,5.346427764,5.201651667,-1.81781854,-1.81781854,-1.81781854,-1.81781854,-1.81781854,4.942198482,4.216934836,0.001228768,0.001094893,4.035159967,0.011898273,4.155866591,-1.81781854,3.632109974,4.729629051,0.072240578,-0.271957998
18,1.819657232,1.292310355,-0.542140802,0.631443769,1.198657087,1.205068964,1.901581263,0.110700136,0.316848852,-1.81781854,7.260070627,-1.81781854,4.783920205,-1.81781854,-1.81781854,-1.81781854,4.124351706,5.453202421,5.956635175,3.412693332,0.002482289,0.00494518,4.408528396,0.00246088,5.272224178,-1.81781854,-1.81781854,5.33149406,0.056649182,-0.236299034
12,1.75594228,1.274929192,-0.560359461,0.603144373,0.929418926,1.263849022,1.862785162,0.121793572,0.131153752,-1.81781854,7.685055584,5.637790048,5.447807755,-1.81781854,-1.81781854,3.982734089,4.378847235,-1.81781854,6.039099701,4.432375263,0.001225489,0.001740602,4.259691941,0.006922129,-1.81781854,6.086671558,4.003700761,5.642903632,0.192188936,0.888270344
8,1.657045665,1.04759998,-0.782753008,0.670245853,1.546542663,1.542177858,1.912848965,5.379317139,0.565388061,-1.81781854,7.098127821,-1.81781854,-1.81781854,-1.81781854,-1.81781854,3.736018362,-1.81781854,-1.81781854,4.473857647,-1.81781854,0.00489871,0.009199839,-1.81781854,0.013584758,-1.81781854,-1.81781854,-1.81781854,-1.81781854,0.211308221,-1.024475076
18,1.675585478,1.068114216,-0.69152096,0.607455023,1.049218023,1.124976736,1.820776765,0.116470378,0.114547478,5.009990465,7.771186608,5.463132684,5.347259941,-1.81781854,-1.81781854,-1.81781854,4.325324622,-1.81781854,5.73319694,3.97661438,0.001931247,0.001161075,4.96669821,0.013260564,-1.81781854,5.343686284,4.118451604,5.270721424,0.050240944,0.13897644
18,1.900417602,1.258615855,-0.327583468,0.614897216,0.986771734,1.229579463,1.912984989,0.269305393,0.654114839,-1.81781854,7.022096616,4.178508547,3.458624349,-1.81781854,-1.81781854,-1.81781854,-1.81781854,5.162722832,4.76524518,-1.81781854,0.002466859,0.002252507,4.032023213,0.016704319,-1.81781854,-1.81781854,-1.81781854,5.353111039,0.002963673,0.616235613
18,1.691199337,1.415634475,-0.950665664,0.627365857,0.968482949,1.143467605,1.867163021,0.469013044,0.442387772,4.37236041,7.453588269,5.201560444,5.541416537,-1.81781854,-1.81781854,3.526913508,3.63412937,-1.81781854,5.192219963,3.991379036,0.000980786,0.000940638,3.672487993,0.014729717,-1.81781854,4.337369674,3.681218599,5.162308985,0.058039098,0.367646705
18,1.643225501,1.062446975,-1.158734407,0.619093331,1.095169351,1.231571526,1.869067684,0.356033728,0.328133528,-1.81781854,7.393559636,4.857963383,5.032605033,-1.81781854,-1.81781854,4.666185256,4.437295954,-1.81781854,5.698298822,3.982179405,0.004355383,0.001649273,-1.81781854,0.027015259,6.170498968,5.01236656,4.152209572,5.737120218,0.02831744,0.470342611
12,1.675498526,1.050494019,-0.715512868,0.613841822,1.105510185,1.491522773,1.841342511,4.506961386,0.870635397,-1.81781854,7.167537392,-1.81781854,-1.81781854,-1.81781854,3.897130649,3.802812225,-1.81781854,-1.81781854,4.905302325,3.061723438,0.001383073,0.00997673,-1.81781854,0.006845486,-1.81781854,-1.81781854,-1.81781854,-1.81781854,0.143109837,0.111310475
